https://www.redbus.in/bus-tickets/burdwan-to-kolkata,Burdwan to Kolkata,SBSTC-BURDWAN - KARUNAMOYEE - 16:45 (BWN DEPOT) - 59,NON AC Seater (2+3),16:45,02h 30m,19:15,4.0,21 Seats available,100
https://www.redbus.in/bus-tickets/burdwan-to-kolkata,Burdwan to Kolkata,SBSTC-BURDWAN - KOLKATA - 17:00 (BWN DEPOT) - 41,NON AC Seater (2+3),17:00,02h 00m,19:00,4.0,6 Seats available,95
https://www.redbus.in/bus-tickets/burdwan-to-kolkata,Burdwan to Kolkata,SBSTC-BURDWAN - KARUNAMOYEE - 17:30 (BWN DEPOT) - 60,NON AC Seater (2+3),17:30,02h 30m,20:00,4.1,33 Seats available,100
https://www.redbus.in/bus-tickets/burdwan-to-kolkata,Burdwan to Kolkata,SBSTC-BURDWAN - KARUNAMOYEE - 18:30 (BWN DEPOT) - 61,NON AC Seater (2+3),18:30,02h 30m,21:00,4.0,30 Seats available,100
https://www.redbus.in/bus-tickets/burdwan-to-kolkata,Burdwan to Kolkata,Shyamoli Paribahan Pvt Ltd,Volvo A/C Seater (2+2),16:30,02h 50m,19:20,4.2,26 Seats available,429
https://www.redbus.in/bus-tickets/burdwan-to-kolkata,Burdwan to Kolkata,Greenline (Karunamoyee),Volvo A/C Seater (2+2),16:40,02h 50m,19:30,4.0,11 Seats available,429
https://www.redbus.in/bus-tickets/burdwan-to-kolkata,Burdwan to Kolkata,SHYAMOLI Pvt. Ltd.(Karunamoyee),Volvo B11R Multi Axle Seater (2+2),17:00,03h 00m,20:00,3.8,39 Seats available,429
https://www.redbus.in/bus-tickets/burdwan-to-kolkata,Burdwan to Kolkata,Greenline,Volvo A/C Seater (2+2),17:00,02h 50m,19:50,4.7,22 Seats available,429
https://www.redbus.in/bus-tickets/burdwan-to-kolkata,Burdwan to Kolkata,Express Line (Karunamoyee),Volvo A/C Seater (2+2),17:30,02h 55m,20:25,4.8,18 Seats available,429
https://www.redbus.in/bus-tickets/burdwan-to-kolkata,Burdwan to Kolkata,Shyamoli Paribahan Pvt Ltd,Volvo A/C Seater (2+2),17:40,02h 50m,20:30,3.9,20 Seats available,429
https://www.redbus.in/bus-tickets/burdwan-to-kolkata,Burdwan to Kolkata,Greenline (Karunamoyee),Volvo A/C Seater (2+2),18:30,02h 50m,21:20,3.6,20 Seats available,429
https://www.redbus.in/bus-tickets/burdwan-to-kolkata,Burdwan to Kolkata,Express Line,Volvo A/C Seater (2+2),19:40,03h 10m,22:50,3.6,32 Seats available,429
https://www.redbus.in/bus-tickets/burdwan-to-kolkata,Burdwan to Kolkata,SHYAMOLI Pvt. Ltd.(Karunamoyee),Scania Multi-Axle A/C Semi Sleeper (2+2),17:45,03h 00m,20:45,2.8,29 Seats available,429
https://www.redbus.in/bus-tickets/burdwan-to-kolkata,Burdwan to Kolkata,Greenline,Scania Multi-Axle A/C Semi Sleeper (2+2),18:10,02h 50m,21:00,2.0,23 Seats available,429
https://www.redbus.in/bus-tickets/burdwan-to-kolkata,Burdwan to Kolkata,SHYAMOLI Pvt. Ltd.(Karunamoyee),Volvo A/C Seater (2+2),18:55,02h 40m,21:35,2.9,14 Seats available,429
https://www.redbus.in/bus-tickets/burdwan-to-kolkata,Burdwan to Kolkata,Shyamoli Paribahan Pvt Ltd,Volvo A/C Seater (2+2),19:15,02h 45m,22:00,2.7,28 Seats available,429
https://www.redbus.in/bus-tickets/kolkata-to-burdwan,Kolkata to Burdwan,SBSTC-KOLKATA - LABPUR - 16:35 (HWH DEPOT) - 3238,NON AC Seater (2+3),16:35,02h 00m,18:35,2.6,51 Seats available,95
https://www.redbus.in/bus-tickets/kolkata-to-burdwan,Kolkata to Burdwan,SBSTC-KOLKATA - KANDRA - 17:00 (BWN DEPOT) - 689,NON AC Seater (2+3),17:00,02h 00m,19:00,4.0,49 Seats available,95
https://www.redbus.in/bus-tickets/kolkata-to-burdwan,Kolkata to Burdwan,SBSTC-KOLKATA - ASANSOL - L/S - 17:00 (ASANSOL DEPOT) - 769,NON AC Seater (2+3),17:00,02h 00m,19:00,2.6,49 Seats available,95
https://www.redbus.in/bus-tickets/kolkata-to-burdwan,Kolkata to Burdwan,SBSTC-KOLKATA - DINANATHPUR - VIA - BURDWAN - 17:30 (BWN - 2952,NON AC Seater (2+3),17:30,02h 00m,19:30,3.6,52 Seats available,95
https://www.redbus.in/bus-tickets/kolkata-to-burdwan,Kolkata to Burdwan,SBSTC-KARUNAMOYEE - BURDWAN - 17:30 (BWN DEPOT) - 465,NON AC Seater (2+3),17:30,02h 00m,19:30,3.9,40 Seats available,100
https://www.redbus.in/bus-tickets/kolkata-to-burdwan,Kolkata to Burdwan,SBSTC-KARUNAMOYEE - BURDWAN - 18:15 (BWN DEPOT) - 119,NON AC Seater (2+3),18:15,02h 00m,20:15,4.0,46 Seats available,100
https://www.redbus.in/bus-tickets/kolkata-to-burdwan,Kolkata to Burdwan,SBSTC-KOLKATA - BURDWAN - 18:15 (BWN DEPOT) - 96,NON AC Seater (2+3),18:15,05h 45m,00:00,3.5,46 Seats available,95
https://www.redbus.in/bus-tickets/kolkata-to-burdwan,Kolkata to Burdwan,SBSTC-KARUNAMOYEE - BURDWAN - A/C - 18:45 (BWN DEPOT) - 1674,A/C Seater (2+2),18:45,02h 00m,20:45,3.6,27 Seats available,200
https://www.redbus.in/bus-tickets/kolkata-to-burdwan,Kolkata to Burdwan,SBSTC-KARUNAMOYEE - BURDWAN - 19:30 (BWN DEPOT) - 120,NON AC Seater (2+3),19:30,02h 00m,21:30,4.2,41 Seats available,100
https://www.redbus.in/bus-tickets/kolkata-to-burdwan,Kolkata to Burdwan,SBSTC-KOLKATA - BURDWAN - 20:00 (BWN DEPOT) - 103,NON AC Seater (2+3),20:00,02h 00m,22:00,4.7,51 Seats available,95
https://www.redbus.in/bus-tickets/kolkata-to-burdwan,Kolkata to Burdwan,SHYAMOLI Pvt. Ltd.(Karunamoyee),Volvo A/C Seater (2+2),16:25,02h 20m,18:45,4.4,17 Seats available,429
https://www.redbus.in/bus-tickets/kolkata-to-burdwan,Kolkata to Burdwan,Express Line (Karunamoyee),Volvo 9600 Multi Axle Semi-Sleeper (2+2),16:30,01h 30m,18:00,4.9,52 Seats available,429
https://www.redbus.in/bus-tickets/kolkata-to-burdwan,Kolkata to Burdwan,Greenline,Volvo 9600 Multi Axle Semi-Sleeper (2+2),16:40,01h 10m,17:50,4.7,17 Seats available,429
https://www.redbus.in/bus-tickets/kolkata-to-burdwan,Kolkata to Burdwan,Express Line,Volvo 9600 A/C Semi Sleeper (2+2),17:20,02h 10m,19:30,3.9,36 Seats available,429
https://www.redbus.in/bus-tickets/kolkata-to-burdwan,Kolkata to Burdwan,SHYAMOLI Pvt. Ltd.(Karunamoyee),Volvo A/C Seater (2+2),17:30,02h 30m,20:00,4.6,35 Seats available,429
https://www.redbus.in/bus-tickets/kolkata-to-burdwan,Kolkata to Burdwan,Greenline,Volvo A/C Seater (2+2),18:05,02h 40m,20:45,4.7,33 Seats available,429
https://www.redbus.in/bus-tickets/kolkata-to-burdwan,Kolkata to Burdwan,Shyamoli Paribahan Pvt Ltd,Volvo A/C Seater (2+2),18:40,02h 00m,20:40,4.7,28 Seats available,429
https://www.redbus.in/bus-tickets/kolkata-to-burdwan,Kolkata to Burdwan,Suman sabir,NON AC Seater (2+3),18:50,03h 10m,22:00,1.2,61 Seats available,111
https://www.redbus.in/bus-tickets/kolkata-to-burdwan,Kolkata to Burdwan,Royal Cruiser,Volvo A/C Seater (2+2),19:30,02h 45m,22:15,2.8,37 Seats available,380
https://www.redbus.in/bus-tickets/kolkata-to-burdwan,Kolkata to Burdwan,Suman sabir,NON AC Seater (2+3),21:00,02h 59m,23:59,1.2,54 Seats available,111
https://www.redbus.in/bus-tickets/kolkata-to-burdwan,Kolkata to Burdwan,Pammi Travels,A/C Sleeper (2+1),21:00,02h 59m,23:59,3.7,36 Seats available,1140
https://www.redbus.in/bus-tickets/kolkata-to-burdwan,Kolkata to Burdwan,Pammi Travels,NON AC Seater / Sleeper (2+1),21:00,02h 59m,23:59,3.7,29 Seats available,618
https://www.redbus.in/bus-tickets/kolkata-to-burdwan,Kolkata to Burdwan,Pariwartan Bus Service,NON AC Seater / Sleeper (2+2),18:30,03h 00m,21:30,2.8,54 Seats available,500
https://www.redbus.in/bus-tickets/durgapur-to-kolkata,Durgapur (West Bengal) to Kolkata,SBSTC-BANKURA - KARUNAMOYEE - A/C - 15:15 - 1500,A/C Seater (2+2),17:00,04h 00m,21:00,3.5,12 Seats available,300
https://www.redbus.in/bus-tickets/durgapur-to-kolkata,Durgapur (West Bengal) to Kolkata,SBSTC-ASANSOL - KARUNAMOYEE - 16:10 (BEL DEPOT) - 217,NON AC Seater (2+3),17:25,04h 00m,21:25,3.8,46 Seats available,155
https://www.redbus.in/bus-tickets/durgapur-to-kolkata,Durgapur (West Bengal) to Kolkata,SBSTC-ASANSOL - KOLKATA - 16:30 (HOWRAH DEPOT) - 752,NON AC Seater (2+3),17:40,03h 30m,21:10,4.1,47 Seats available,150
https://www.redbus.in/bus-tickets/durgapur-to-kolkata,Durgapur (West Bengal) to Kolkata,SBSTC-ASANSOL - KARUNAMOYEE - 16:40 (ASANSOL DEPOT) - 847,NON AC Seater (2+3),17:50,04h 10m,22:00,4.4,50 Seats available,155
https://www.redbus.in/bus-tickets/durgapur-to-kolkata,Durgapur (West Bengal) to Kolkata,Express Line (Karunamoyee),Volvo A/C Seater (2+2),16:20,04h 05m,20:25,3.7,18 Seats available,486
https://www.redbus.in/bus-tickets/durgapur-to-kolkata,Durgapur (West Bengal) to Kolkata,Shyamoli Paribahan Pvt Ltd,Volvo A/C Seater (2+2),16:30,04h 00m,20:30,4.1,24 Seats available,486
https://www.redbus.in/bus-tickets/durgapur-to-kolkata,Durgapur (West Bengal) to Kolkata,SHYAMOLI Pvt. Ltd.(Karunamoyee),Scania Multi-Axle A/C Semi Sleeper (2+2),16:45,04h 00m,20:45,3.8,30 Seats available,486
https://www.redbus.in/bus-tickets/durgapur-to-kolkata,Durgapur (West Bengal) to Kolkata,Greenline,Scania Multi-Axle A/C Semi Sleeper (2+2),17:10,03h 50m,21:00,4.1,21 Seats available,486
https://www.redbus.in/bus-tickets/durgapur-to-kolkata,Durgapur (West Bengal) to Kolkata,Greenline (Karunamoyee),Volvo A/C Seater (2+2),17:30,03h 50m,21:20,4.2,20 Seats available,486
https://www.redbus.in/bus-tickets/durgapur-to-kolkata,Durgapur (West Bengal) to Kolkata,SHYAMOLI Pvt. Ltd.(Karunamoyee),Volvo A/C Seater (2+2),18:10,03h 45m,21:55,3.5,11 Seats available,486
https://www.redbus.in/bus-tickets/durgapur-to-kolkata,Durgapur (West Bengal) to Kolkata,Shyamoli Paribahan Pvt Ltd,Volvo A/C Seater (2+2),18:15,03h 45m,22:00,4.5,13 Seats available,486
https://www.redbus.in/bus-tickets/durgapur-to-kolkata,Durgapur (West Bengal) to Kolkata,Express Line,Volvo A/C Seater (2+2),18:30,04h 20m,22:50,3.8,32 Seats available,486
https://www.redbus.in/bus-tickets/kolkata-to-haldia,Kolkata to Haldia,SBSTC-KOLKATA - HALDIA - 17:000 (Haldia Depot) - 3017,NON AC Seater (2+3),17:00,03h 00m,20:00,4.3,50 Seats available,110
https://www.redbus.in/bus-tickets/kolkata-to-haldia,Kolkata to Haldia,SBSTC-KOLKATA - HALDIA - 17.30 (HALDIA DEPOT) - 565,NON AC Seater (2+3),17:30,03h 00m,20:30,4.1,46 Seats available,110
https://www.redbus.in/bus-tickets/kolkata-to-haldia,Kolkata to Haldia,SBSTC-KOLKATA - HALDIA - 18.15 (HALDIA DEPOT) - 566,NON AC Seater (2+3),18:15,03h 00m,21:15,3.9,44 Seats available,110
https://www.redbus.in/bus-tickets/haldia-to-kolkata,Haldia to Kolkata,WBTC (CTC) Habra- Barasat- Haldia - 180|16:45,NON AC Seater (2+3),16:45,02h 45m,19:30,3.8,46 Seats available,97
https://www.redbus.in/bus-tickets/haldia-to-kolkata,Haldia to Kolkata,SBSTC-HALDIA - KOLKATA - ALL STOP - 17:30 (HLD DEPOT) - 630,NON AC Seater (2+3),17:30,03h 00m,20:30,3.5,44 Seats available,110
https://www.redbus.in/bus-tickets/kolkata-to-durgapur,Kolkata to Durgapur (West Bengal),SBSTC-KARUNAMOYEE - BANKURA - VIA - DURGAPUR - 16:45 - 311,NON AC Seater (2+3),16:45,04h 15m,21:00,3.5,32 Seats available,155
https://www.redbus.in/bus-tickets/kolkata-to-durgapur,Kolkata to Durgapur (West Bengal),SBSTC-KOLKATA - ASANSOL - L/S - 17:00 (ASANSOL DEPOT) - 769,NON AC Seater (2+3),17:00,03h 30m,20:30,3.7,49 Seats available,150
https://www.redbus.in/bus-tickets/kolkata-to-durgapur,Kolkata to Durgapur (West Bengal),SBSTC-KOLKATA - DURGAPUR - 17:15 (DGP DEPOT) - 173,NON AC Seater (2+3),17:15,03h 30m,20:45,3.7,52 Seats available,150
https://www.redbus.in/bus-tickets/kolkata-to-durgapur,Kolkata to Durgapur (West Bengal),SBSTC-KOLKATA - JAMURIA - VIA - DURGAPUR - 17:30 - 300,NON AC Seater (2+3),17:30,03h 30m,21:00,4.1,50 Seats available,150
https://www.redbus.in/bus-tickets/kolkata-to-durgapur,Kolkata to Durgapur (West Bengal),SBSTC-KARUNAMOYEE - DURGAPUR - 17:30 (DGP DEPOT) - 181,NON AC Seater (2+3),17:30,03h 45m,21:15,3.4,44 Seats available,155
https://www.redbus.in/bus-tickets/kolkata-to-durgapur,Kolkata to Durgapur (West Bengal),SBSTC-KOLKATA - DURGAPUR - 18:30 (DGP DEPOT) - 176,NON AC Seater (2+3),18:30,03h 30m,22:00,4.4,52 Seats available,150
https://www.redbus.in/bus-tickets/kolkata-to-durgapur,Kolkata to Durgapur (West Bengal),SHYAMOLI Pvt. Ltd.(Karunamoyee),Volvo A/C Seater (2+2),16:25,03h 50m,20:15,5.0,17 Seats available,486
https://www.redbus.in/bus-tickets/kolkata-to-durgapur,Kolkata to Durgapur (West Bengal),Express Line (Karunamoyee),Volvo 9600 Multi Axle Semi-Sleeper (2+2),16:30,03h 15m,19:45,4.6,50 Seats available,486
https://www.redbus.in/bus-tickets/kolkata-to-durgapur,Kolkata to Durgapur (West Bengal),Greenline,Volvo 9600 Multi Axle Semi-Sleeper (2+2),16:40,02h 35m,19:15,4.3,8 Seats available,486
https://www.redbus.in/bus-tickets/kolkata-to-durgapur,Kolkata to Durgapur (West Bengal),Express Line,Volvo 9600 A/C Semi Sleeper (2+2),17:20,04h 00m,21:20,4.6,37 Seats available,486
https://www.redbus.in/bus-tickets/kolkata-to-durgapur,Kolkata to Durgapur (West Bengal),SHYAMOLI Pvt. Ltd.(Karunamoyee),Volvo A/C Seater (2+2),17:30,04h 00m,21:30,4.7,34 Seats available,486
https://www.redbus.in/bus-tickets/kolkata-to-durgapur,Kolkata to Durgapur (West Bengal),Greenline,Volvo A/C Seater (2+2),18:05,04h 00m,22:05,4.2,33 Seats available,486
https://www.redbus.in/bus-tickets/kolkata-to-durgapur,Kolkata to Durgapur (West Bengal),Shyamoli Paribahan Pvt Ltd,Volvo A/C Seater (2+2),18:40,03h 45m,22:25,3.7,28 Seats available,486
https://www.redbus.in/bus-tickets/kolkata-to-durgapur,Kolkata to Durgapur (West Bengal),Royal Cruiser,Volvo A/C Seater (2+2),19:30,03h 45m,23:15,2.5,36 Seats available,475
https://www.redbus.in/bus-tickets/kolkata-to-durgapur,Kolkata to Durgapur (West Bengal),Pariwartan Bus Service,NON AC Seater / Sleeper (2+2),18:30,04h 30m,23:00,4.0,54 Seats available,500
https://www.redbus.in/bus-tickets/kolkata-to-durgapur,Kolkata to Durgapur (West Bengal),Maharani Travels,A/C Seater / Sleeper (2+1),21:05,04h 25m,01:30,3.8,21 Seats available,740
https://www.redbus.in/bus-tickets/kolkata-to-arambagh-west-bengal,Kolkata to Arambagh (West Bengal),SBSTC-KOLKATA-ARAMBAG-17:30 - 585,NON AC Seater (2+3),17:30,02h 30m,20:00,3.5,52 Seats available,95
https://www.redbus.in/bus-tickets/digha-to-kolkata,Digha to Kolkata,SBSTC-DIGHA - GARIA - VIA - KOLKATA - 16:40 (FALTA DEPOT - 3704,NON AC Seater (2+3),16:40,04h 30m,21:10,2.9,43 Seats available,155
https://www.redbus.in/bus-tickets/digha-to-kolkata,Digha to Kolkata,City Express (Shinjini),A/C Seater (2+3),22:45,05h 25m,04:10,2.5,14 Seats available,320
https://www.redbus.in/bus-tickets/digha-to-kolkata,Digha to Kolkata,Satya Paribahan,A/C Seater (2+3),23:00,04h 45m,03:45,1.6,27 Seats available,296
https://www.redbus.in/bus-tickets/digha-to-kolkata,Digha to Kolkata,Snemita Paribahan (Shinjini),A/C Seater (2+3),23:35,04h 10m,03:45,3.2,2 Seats available,420
https://www.redbus.in/bus-tickets/digha-to-kolkata,Digha to Kolkata,Parameswar Travels,A/C Seater Push Back (2+3),20:00,05h 35m,01:35,3.2,20 Seats available,285
https://www.redbus.in/bus-tickets/digha-to-kolkata,Digha to Kolkata,The Joy Ride,A/C Seater / Sleeper (2+2),21:15,05h 15m,02:30,2.0,28 Seats available,650
https://www.redbus.in/bus-tickets/digha-to-kolkata,Digha to Kolkata,Parameswar Travels,A/C Seater Push Back (2+3),18:10,05h 05m,23:15,2.1,29 Seats available,285
https://www.redbus.in/bus-tickets/digha-to-kolkata,Digha to Kolkata,Satya Paribahan,A/C Seater (2+3),23:30,04h 10m,03:40,1.9,31 Seats available,278
https://www.redbus.in/bus-tickets/digha-to-kolkata,Digha to Kolkata,Aradhana Travels,A/C Seater / Sleeper (2+1),19:30,04h 29m,23:59,1.6,43 Seats available,475
https://www.redbus.in/bus-tickets/digha-to-kolkata,Digha to Kolkata,Arunita Paribahan,A/C Seater (2+3),23:35,04h 10m,03:45,2.1,20 Seats available,370
https://www.redbus.in/bus-tickets/digha-to-kolkata,Digha to Kolkata,Aradhana Bus Service,A/C Seater / Sleeper (2+2),23:00,05h 00m,04:00,1.6,28 Seats available,570
https://www.redbus.in/bus-tickets/digha-to-kolkata,Digha to Kolkata,Snemita Paribahan,A/C Seater (2+3),23:30,04h 30m,04:00,2.2,45 Seats available,370
https://www.redbus.in/bus-tickets/digha-to-kolkata,Digha to Kolkata,Aradhana Travels,A/C Seater / Sleeper (2+2),18:35,04h 25m,23:00,1.0,18 Seats available,475
https://www.redbus.in/bus-tickets/digha-to-kolkata,Digha to Kolkata,Parameswar Travels,A/C Seater Push Back (2+3),21:00,06h 00m,03:00,2.3,15 Seats available,285
https://www.redbus.in/bus-tickets/digha-to-kolkata,Digha to Kolkata,Aniruddha Travels,NON AC Seater Push Back (2+3) (2+3),16:25,04h 50m,21:15,1.8,28 Seats available,250
https://www.redbus.in/bus-tickets/digha-to-kolkata,Digha to Kolkata,Satya Paribahan,A/C Seater (2+3),18:20,04h 40m,23:00,2.8,61 Seats available,342
https://www.redbus.in/bus-tickets/digha-to-kolkata,Digha to Kolkata,Aradhana Travels,NON AC Seater (2+3),21:45,05h 40m,03:25,1.6,19 Seats available,475
https://www.redbus.in/bus-tickets/digha-to-kolkata,Digha to Kolkata,Ankita Paribahan,NON AC Seater (2+3),18:20,04h 40m,23:00,4.1,46 Seats available,278
https://www.redbus.in/bus-tickets/digha-to-kolkata,Digha to Kolkata,Aradhana Bus Service,NON AC Seater (2+3),16:50,05h 40m,22:30,4.4,53 Seats available,333
https://www.redbus.in/bus-tickets/kolkata-to-digha,Kolkata to Digha,SBSTC-GARIA - DIGHA - 22:30 (DIGHA DEPOT) - 3745,NON AC Seater (2+3),23:45,04h 30m,04:15,4.4,7 Seats available,155
https://www.redbus.in/bus-tickets/kolkata-to-digha,Kolkata to Digha,Shyamoli Paribahan Pvt Ltd,VE A/C Seater (2+2),23:30,05h 00m,04:30,3.9,18 Seats available,400
https://www.redbus.in/bus-tickets/kolkata-to-digha,Kolkata to Digha,Express Line,Volvo 9600 A/C Seater (2+2),23:45,05h 00m,04:45,4.5,40 Seats available,399
https://www.redbus.in/bus-tickets/kolkata-to-digha,Kolkata to Digha,AdSagufta Travels(Maa Chandi),A/C Seater / Sleeper (2+2),23:57,05h 13m,05:10,4.1,10 Seats available,365
https://www.redbus.in/bus-tickets/kolkata-to-digha,Kolkata to Digha,Maa Chandi Travels,A/C Seater / Sleeper (2+2),22:00,07h 30m,05:30,3.5,27 Seats available,370
https://www.redbus.in/bus-tickets/kolkata-to-digha,Kolkata to Digha,Mayuri Express,A/C Seater (2+2),23:15,05h 15m,04:30,4.1,27 Seats available,278
https://www.redbus.in/bus-tickets/kolkata-to-digha,Kolkata to Digha,City Express (Shinjini),A/C Seater (2+3),23:50,05h 05m,04:55,3.1,35 Seats available,370
https://www.redbus.in/bus-tickets/kolkata-to-digha,Kolkata to Digha,Sagufta Travels (Bhorpet Travels),A/C Seater (2+2),23:55,04h 40m,04:35,3.3,22 Seats available,365
https://www.redbus.in/bus-tickets/kolkata-to-digha,Kolkata to Digha,Parameswar Travels,A/C Seater Push Back (2+3),23:45,05h 15m,05:00,4.9,51 Seats available,285
https://www.redbus.in/bus-tickets/kolkata-to-digha,Kolkata to Digha,Parameswar Travels,A/C Seater Push Back (2+2),23:50,04h 55m,04:45,2.9,22 Seats available,285
https://www.redbus.in/bus-tickets/kolkata-to-digha,Kolkata to Digha,Sagufta Travels (Mayuri),A/C Seater (2+2),23:15,04h 45m,04:00,3.7,20 Seats available,365
https://www.redbus.in/bus-tickets/kolkata-to-digha,Kolkata to Digha,Parameswar Travels,A/C Seater Push Back (2+3),23:59,05h 01m,05:00,4.0,47 Seats available,285
https://www.redbus.in/bus-tickets/kolkata-to-digha,Kolkata to Digha,Snemita Paribahan (Bhorpet),A/C Seater (2+2),23:55,04h 50m,04:45,2.9,29 Seats available,320
https://www.redbus.in/bus-tickets/kolkata-to-digha,Kolkata to Digha,Mayuri Express,A/C Seater (2+3),18:20,04h 30m,22:50,3.1,60 Seats available,278
https://www.redbus.in/bus-tickets/kolkata-to-digha,Kolkata to Digha,Sagufta Travels (Atithi),A/C Seater Push Back (2+3),23:59,05h 01m,05:00,2.9,29 Seats available,315
https://www.redbus.in/bus-tickets/kolkata-to-digha,Kolkata to Digha,Basu Travels,A/C Seater Push Back (2+3),23:30,05h 00m,04:30,2.8,38 Seats available,499
https://www.redbus.in/bus-tickets/kolkata-to-digha,Kolkata to Digha,Sagufta Travels(Angel),A/C Seater (2+2),23:58,05h 12m,05:10,3.1,24 Seats available,315
https://www.redbus.in/bus-tickets/kolkata-to-digha,Kolkata to Digha,Snemita Paribahan(Shinjini),A/C Seater (2+3),23:50,04h 40m,04:30,2.8,20 Seats available,370
https://www.redbus.in/bus-tickets/kolkata-to-digha,Kolkata to Digha,Snemita Paribahan (ANGEL),A/C Seater Push Back (2+2),23:58,05h 02m,05:00,1.5,29 Seats available,320
https://www.redbus.in/bus-tickets/kolkata-to-digha,Kolkata to Digha,Samanta Travels,A/C Seater (2+3),18:50,04h 40m,23:30,3.5,61 Seats available,285
https://www.redbus.in/bus-tickets/kolkata-to-digha,Kolkata to Digha,Ankita Paribahan( Haimanti),A/C Seater Push Back (2+3),19:50,04h 15m,00:05,3.5,40 Seats available,416
https://www.redbus.in/bus-tickets/kolkata-to-digha,Kolkata to Digha,City Express (Shinjini),A/C Seater (2+2),23:45,04h 50m,04:35,3.4,12 Seats available,470
https://www.redbus.in/bus-tickets/kolkata-to-digha,Kolkata to Digha,Arunita Paribahan,A/C Seater (2+2),23:45,05h 00m,04:45,2.9,21 Seats available,370
https://www.redbus.in/bus-tickets/kolkata-to-digha,Kolkata to Digha,Snemita Parisheba(Samanta),A/C Seater (2+3),18:00,04h 25m,22:25,3.2,25 Seats available,352
https://www.redbus.in/bus-tickets/kolkata-to-digha,Kolkata to Digha,Sagufta Travels (Sagar Kanya),A/C Seater Push Back (2+3),23:30,04h 35m,04:05,2.6,13 Seats available,315
https://www.redbus.in/bus-tickets/kolkata-to-digha,Kolkata to Digha,Haimanti Bus Service,A/C Seater (2+3),19:50,05h 40m,01:30,2.1,20 Seats available,250
https://www.redbus.in/bus-tickets/kolkata-to-digha,Kolkata to Digha,Parameswar Travels,A/C Seater Push Back (2+3),21:50,05h 55m,03:45,3.0,51 Seats available,285
https://www.redbus.in/bus-tickets/kolkata-to-digha,Kolkata to Digha,Parameswar Travels,A/C Seater Push Back (2+3),23:55,05h 05m,05:00,1.9,49 Seats available,285
https://www.redbus.in/bus-tickets/kolkata-to-digha,Kolkata to Digha,Santosh Bus Service,A/C Seater (2+3),18:30,05h 15m,23:45,2.1,46 Seats available,240
https://www.redbus.in/bus-tickets/kolkata-to-digha,Kolkata to Digha,Santosh Bus Service,A/C Seater Push Back (2+3),19:00,04h 35m,23:35,2.4,44 Seats available,239
https://www.redbus.in/bus-tickets/kolkata-to-digha,Kolkata to Digha,Snemita Parisheba,A/C Seater (2+3),19:30,04h 40m,00:10,2.1,20 Seats available,352
https://www.redbus.in/bus-tickets/kolkata-to-digha,Kolkata to Digha,Bengal Surface Transport,A/C Seater Push Back (2+3),23:59,05h 01m,05:00,1.8,20 Seats available,399
https://www.redbus.in/bus-tickets/kolkata-to-digha,Kolkata to Digha,Samanta Travels,A/C Seater (2+3),18:10,05h 00m,23:10,2.3,16 Seats available,285
https://www.redbus.in/bus-tickets/kolkata-to-digha,Kolkata to Digha,Santosh Bus Service,A/C Seater Push Back (2+3),19:25,04h 34m,23:59,1.2,36 Seats available,239
https://www.redbus.in/bus-tickets/kolkata-to-digha,Kolkata to Digha,Basu Travels,A/C Seater Push Back (2+3),23:55,05h 05m,05:00,1.0,21 Seats available,469
https://www.redbus.in/bus-tickets/kolkata-to-digha,Kolkata to Digha,Snemita Pariseba(Santosh),A/C Seater (2+3),18:30,05h 00m,23:30,2.6,20 Seats available,352
https://www.redbus.in/bus-tickets/kolkata-to-digha,Kolkata to Digha,Snemita Parisheba,A/C Seater (2+3),19:05,04h 40m,23:45,3.8,20 Seats available,352
https://www.redbus.in/bus-tickets/kolkata-to-digha,Kolkata to Digha,Bengal Surface Transport,A/C Seater Push Back (2+3),23:20,05h 10m,04:30,3.2,61 Seats available,419
https://www.redbus.in/bus-tickets/kolkata-to-digha,Kolkata to Digha,Snemita Paribahan (Shinjini),A/C Seater (2+2),23:45,04h 50m,04:35,1.8,16 Seats available,470
https://www.redbus.in/bus-tickets/kolkata-to-digha,Kolkata to Digha,Purusottam Travels,NON AC Seater (2+3),17:30,04h 20m,21:50,1.0,33 Seats available,250
https://www.redbus.in/bus-tickets/kolkata-to-digha,Kolkata to Digha,Suvam Travels,NON AC Seater (2+3),16:30,04h 30m,21:00,3.9,59 Seats available,200
https://www.redbus.in/bus-tickets/kolkata-to-digha,Kolkata to Digha,Anadi Travels (Disha Gold),A/C Seater Push Back (2+3),23:00,05h 40m,04:40,3.0,60 Seats available,500
https://www.redbus.in/bus-tickets/kolkata-to-bankura,Kolkata to Bankura,SBSTC-KARUNAMOYEE - BANKURA - VIA - DURGAPUR - 16:45 - 311,NON AC Seater (2+3),16:45,05h 30m,22:15,2.2,35 Seats available,185
https://www.redbus.in/bus-tickets/kolkata-to-bankura,Kolkata to Bankura,City Queen Bus Service,NON AC Seater (2+2),20:50,05h 10m,02:00,2.8,14 Seats available,250
https://www.redbus.in/bus-tickets/kolkata-to-bankura,Kolkata to Bankura,City Queen Bus Service,NON AC Seater (2+2),21:30,06h 00m,03:30,4.0,18 Seats available,285
https://www.redbus.in/bus-tickets/asansol-to-kolkata,Asansol (West Bengal) to Kolkata,SBSTC-ASANSOL - KARUNAMOYEE - 16:40 (ASANSOL DEPOT) - 847,NON AC Seater (2+3),16:40,05h 20m,22:00,3.6,43 Seats available,185
https://www.redbus.in/bus-tickets/asansol-to-kolkata,Asansol (West Bengal) to Kolkata,Greenline (Karunamoyee),Volvo A/C Seater (2+2),16:27,04h 53m,21:20,3.7,20 Seats available,524
https://www.redbus.in/bus-tickets/asansol-to-kolkata,Asansol (West Bengal) to Kolkata,SHYAMOLI Pvt. Ltd.(Karunamoyee),Volvo A/C Seater (2+2),16:55,05h 00m,21:55,4.5,13 Seats available,524
https://www.redbus.in/bus-tickets/asansol-to-kolkata,Asansol (West Bengal) to Kolkata,Shyamoli Paribahan Pvt Ltd,Volvo A/C Seater (2+2),17:00,05h 00m,22:00,1.0,13 Seats available,524
https://www.redbus.in/bus-tickets/asansol-to-kolkata,Asansol (West Bengal) to Kolkata,Express Line,Volvo A/C Seater (2+2),17:30,05h 20m,22:50,4.1,32 Seats available,524
https://www.redbus.in/bus-tickets/asansol-to-kolkata,Asansol (West Bengal) to Kolkata,Sana Travels,NON AC Seater / Sleeper 2+1,23:58,05h 02m,05:00,2.6,31 Seats available,400
https://www.redbus.in/bus-tickets/midnapore-to-kolkata,Midnapore to Kolkata,WBTC (CTC) Habra-Midnapur - 194|17:00,NON AC Seater (2+3),17:00,02h 45m,19:45,4.2,49 Seats available,105
https://www.redbus.in/bus-tickets/kolkata-to-asansol,Kolkata to Asansol (West Bengal),SBSTC-KOLKATA - ASANSOL - L/S - 17:00 (ASANSOL DEPOT) - 769,NON AC Seater (2+3),17:00,04h 30m,21:30,4.2,49 Seats available,180
https://www.redbus.in/bus-tickets/kolkata-to-asansol,Kolkata to Asansol (West Bengal),SBSTC-KOLKATA - JAMURIA - VIA - DURGAPUR - 17:30 - 300,NON AC Seater (2+3),17:30,04h 30m,22:00,4.8,50 Seats available,180
https://www.redbus.in/bus-tickets/kolkata-to-asansol,Kolkata to Asansol (West Bengal),SHYAMOLI Pvt. Ltd.(Karunamoyee),Volvo A/C Seater (2+2),16:25,04h 50m,21:15,4.4,17 Seats available,524
https://www.redbus.in/bus-tickets/kolkata-to-asansol,Kolkata to Asansol (West Bengal),Express Line (Karunamoyee),Volvo 9600 Multi Axle Semi-Sleeper (2+2),16:30,04h 15m,20:45,4.7,43 Seats available,524
https://www.redbus.in/bus-tickets/kolkata-to-asansol,Kolkata to Asansol (West Bengal),Greenline,Volvo 9600 Multi Axle Semi-Sleeper (2+2),16:40,03h 20m,20:00,4.4,13 Seats available,524
https://www.redbus.in/bus-tickets/kolkata-to-asansol,Kolkata to Asansol (West Bengal),Express Line,Volvo 9600 A/C Semi Sleeper (2+2),17:20,05h 00m,22:20,4.8,36 Seats available,524
https://www.redbus.in/bus-tickets/kolkata-to-asansol,Kolkata to Asansol (West Bengal),SHYAMOLI Pvt. Ltd.(Karunamoyee),Volvo A/C Seater (2+2),17:30,05h 00m,22:30,4.4,34 Seats available,524
https://www.redbus.in/bus-tickets/kolkata-to-asansol,Kolkata to Asansol (West Bengal),Greenline,Volvo A/C Seater (2+2),18:05,05h 00m,23:05,4.0,33 Seats available,524
https://www.redbus.in/bus-tickets/kolkata-to-asansol,Kolkata to Asansol (West Bengal),Shyamoli Paribahan Pvt Ltd,Volvo A/C Seater (2+2),18:40,04h 45m,23:25,1.3,28 Seats available,524
https://www.redbus.in/bus-tickets/kolkata-to-asansol,Kolkata to Asansol (West Bengal),Royal Cruiser,Volvo A/C Seater (2+2),19:30,04h 45m,00:15,2.5,30 Seats available,523
https://www.redbus.in/bus-tickets/kolkata-to-asansol,Kolkata to Asansol (West Bengal),Pariwartan Bus Service,NON AC Seater / Sleeper (2+2),18:30,06h 00m,00:30,3.7,54 Seats available,500
https://www.redbus.in/bus-tickets/kolkata-to-asansol,Kolkata to Asansol (West Bengal),Sana Travels,NON AC Seater / Sleeper 2+1,20:30,04h 30m,01:00,4.0,25 Seats available,500
https://www.redbus.in/bus-tickets/kolkata-to-asansol,Kolkata to Asansol (West Bengal),Maharani Travels,A/C Seater / Sleeper (2+1),21:05,04h 55m,02:00,4.3,23 Seats available,740
https://www.redbus.in/bus-tickets/kolkata-to-siliguri,Kolkata to Siliguri,NBSTC-KOL-COB-R1-17:00,NON AC Seater 2+2,17:00,12h 00m,05:00,4.6,18 Seats available,486
https://www.redbus.in/bus-tickets/kolkata-to-siliguri,Kolkata to Siliguri,NBSTC-KOL-SLG-R1-18:00,NON AC Seater Push Back (2+2),18:00,12h 00m,06:00,4.5,9 Seats available,486
https://www.redbus.in/bus-tickets/kolkata-to-siliguri,Kolkata to Siliguri,SBSTC-KOLKATA - SILIGURI - VIA - MALDA - 20:00 (BEL DEPO - 3805,Express (NON AC Seater 2+2),20:00,13h 00m,09:00,4.4,23 Seats available,500
https://www.redbus.in/bus-tickets/kolkata-to-siliguri,Kolkata to Siliguri,Shyamoli Paribahan Pvt Ltd,Volvo 9600 A/C Seater/Sleeper (2+1),18:30,13h 15m,07:45,4.5,29 Seats available,1200
https://www.redbus.in/bus-tickets/kolkata-to-siliguri,Kolkata to Siliguri,Shyamoli Paribahan Pvt Ltd,Volvo 9600 Multi-Axle A/C Sleeper (2+1),18:00,12h 50m,06:50,4.6,18 Seats available,1500
https://www.redbus.in/bus-tickets/kolkata-to-siliguri,Kolkata to Siliguri,Lokenath Bus Service,Volvo Multi-Axle A/C Seater/Sleeper (2+1),18:15,12h 00m,06:15,4.5,35 Seats available,1200
https://www.redbus.in/bus-tickets/kolkata-to-siliguri,Kolkata to Siliguri,Rubi Paribahan  ,Volvo 9600 Multi-Axle A/C Sleeper (2+1),19:00,12h 30m,07:30,4.4,18 Seats available,1499
https://www.redbus.in/bus-tickets/kolkata-to-siliguri,Kolkata to Siliguri,Lokenath Bus Service,Volvo 9600 Multi-Axle A/C Sleeper (2+1),18:45,12h 45m,07:30,4.5,28 Seats available,1500
https://www.redbus.in/bus-tickets/kolkata-to-siliguri,Kolkata to Siliguri,Shyamoli Paribahan Pvt Ltd,Volvo Multi-Axle A/C seater/sleeper (2+1),19:30,13h 15m,08:45,4.5,32 Seats available,1200
https://www.redbus.in/bus-tickets/kolkata-to-siliguri,Kolkata to Siliguri,AdExpress Line,Volvo 9600 A/C Seater/Sleeper (2+1),19:30,12h 55m,08:25,4.4,32 Seats available,1199
https://www.redbus.in/bus-tickets/kolkata-to-siliguri,Kolkata to Siliguri,Greenline,Volvo 9600 Multi-Axle A/C Sleeper (2+1),18:30,13h 15m,07:45,2.1,14 Seats available,1500
https://www.redbus.in/bus-tickets/kolkata-to-siliguri,Kolkata to Siliguri,Greenline,Volvo Multi-Axle A/C Sleeper (2+1),19:05,13h 00m,08:05,4.4,21 Seats available,1500
https://www.redbus.in/bus-tickets/kolkata-to-siliguri,Kolkata to Siliguri,Lokenath Bus Service,Volvo Multi Axle B11R A/C Seater\Sleeper (2+1),20:00,12h 15m,08:15,1.4,30 Seats available,1200
https://www.redbus.in/bus-tickets/kolkata-to-siliguri,Kolkata to Siliguri,Aradhana Bus Service,NON AC Seater / Sleeper (2+2),16:45,14h 15m,07:00,2.6,17 Seats available,713
https://www.redbus.in/bus-tickets/kolkata-to-siliguri,Kolkata to Siliguri,Greenline,Volvo Multi-Axle A/C Sleeper (2+1),19:00,13h 00m,08:00,4.4,18 Seats available,1500
https://www.redbus.in/bus-tickets/kolkata-to-siliguri,Kolkata to Siliguri,Annesha Travels,NON AC Seater / Sleeper (2+2),17:30,13h 30m,07:00,3.9,30 Seats available,450
https://www.redbus.in/bus-tickets/kolkata-to-siliguri,Kolkata to Siliguri,Maa Durga Bus Service,NON AC Seater / Sleeper (2+2),19:00,14h 00m,09:00,4.6,16 Seats available,600
https://www.redbus.in/bus-tickets/kolkata-to-nimtouri,Kolkata to Nimtouri,SBSTC-KOLKATA - NANDIGRAM - 16:45 (HWH DEPOT) - 602,NON AC Seater (2+3),16:45,07h 15m,00:00,4.2,51 Seats available,78
https://www.redbus.in/bus-tickets/kolkata-to-nimtouri,Kolkata to Nimtouri,SBSTC-KOLKATA - HALDIA - 17:000 (Haldia Depot) - 3017,NON AC Seater (2+3),17:00,07h 00m,00:00,4.0,52 Seats available,80
https://www.redbus.in/bus-tickets/kolkata-to-nimtouri,Kolkata to Nimtouri,SBSTC-KOLKATA - HALDIA - 17.30 (HALDIA DEPOT) - 565,NON AC Seater (2+3),17:30,06h 30m,00:00,3.9,48 Seats available,80
https://www.redbus.in/bus-tickets/kolkata-to-nimtouri,Kolkata to Nimtouri,SBSTC-KOLKATA - HALDIA - 18.15 (HALDIA DEPOT) - 566,NON AC Seater (2+3),18:15,05h 45m,00:00,4.1,50 Seats available,80
https://www.redbus.in/bus-tickets/kolkata-to-nimtouri,Kolkata to Nimtouri,SBSTC-GARIA - DIGHA - 22:30 (DIGHA DEPOT) - 3745,NON AC Seater (2+3),23:45,00h 15m,00:00,4.6,8 Seats available,78
https://www.redbus.in/bus-tickets/siliguri-to-kolkata,Siliguri to Kolkata,NBSTC-SLG-KOL-R1-18:30,NON AC Seater Push Back (2+2),18:30,12h 00m,06:30,4.5,8 Seats available,486
https://www.redbus.in/bus-tickets/siliguri-to-kolkata,Siliguri to Kolkata,SBSTC-SILIGURI - KOLKATA - VIA - MALDA - EXPRESS - 19:30 - 3806,Express (NON AC Seater 2+2),19:30,13h 00m,08:30,4.3,23 Seats available,500
https://www.redbus.in/bus-tickets/siliguri-to-kolkata,Siliguri to Kolkata,Lokenath Bus Service,Volvo 9600 Multi-Axle A/C Sleeper (2+1),19:15,12h 30m,07:45,4.6,17 Seats available,1500
https://www.redbus.in/bus-tickets/siliguri-to-kolkata,Siliguri to Kolkata,Shyamoli Paribahan Pvt Ltd,Volvo 9600 Multi-Axle A/C Sleeper (2+1),18:00,12h 05m,06:05,4.3,4 Seats available,1600
https://www.redbus.in/bus-tickets/siliguri-to-kolkata,Siliguri to Kolkata,Shyamoli Paribahan Pvt Ltd,Volvo Multi-Axle A/C seater/sleeper (2+1),18:30,12h 50m,07:20,4.2,19 Seats available,1200
https://www.redbus.in/bus-tickets/siliguri-to-kolkata,Siliguri to Kolkata,Greenline,Volvo 9600 Multi-Axle A/C Sleeper (2+1),18:30,13h 00m,07:30,4.4,11 Seats available,1500
https://www.redbus.in/bus-tickets/siliguri-to-kolkata,Siliguri to Kolkata,Shyamoli Paribahan Pvt Ltd,Volvo 9600 A/C Seater/Sleeper (2+1),19:30,12h 20m,07:50,4.4,33 Seats available,1200
https://www.redbus.in/bus-tickets/siliguri-to-kolkata,Siliguri to Kolkata,Lokenath Bus Service,Volvo Multi-Axle A/C Seater/Sleeper (2+1),18:45,12h 00m,06:45,4.2,34 Seats available,1200
https://www.redbus.in/bus-tickets/siliguri-to-kolkata,Siliguri to Kolkata,Express Line,Volvo 9600 Multi-Axle A/C Sleeper (2+1),18:45,12h 25m,07:10,3.6,14 Seats available,1499
https://www.redbus.in/bus-tickets/siliguri-to-kolkata,Siliguri to Kolkata,Greenline,Volvo Multi-Axle A/C Sleeper (2+1),18:00,13h 00m,07:00,3.0,13 Seats available,1500
https://www.redbus.in/bus-tickets/siliguri-to-kolkata,Siliguri to Kolkata,Lokenath Bus Service,Volvo Multi Axle B11R A/C Seater\Sleeper (2+1),20:30,12h 00m,08:30,2.2,41 Seats available,1200
https://www.redbus.in/bus-tickets/siliguri-to-kolkata,Siliguri to Kolkata,Modern Travels,Bharat Benz A/C Seater /Sleeper (2+1),19:00,12h 30m,07:30,1.6,27 Seats available,825
https://www.redbus.in/bus-tickets/siliguri-to-kolkata,Siliguri to Kolkata,Maa Durga Bus Service,NON AC Seater / Sleeper (2+2),18:00,14h 00m,08:00,2.7,13 Seats available,600
https://www.redbus.in/bus-tickets/siliguri-to-kolkata,Siliguri to Kolkata,Annesha Travels,NON AC Seater / Sleeper (2+2),18:00,13h 00m,07:00,4.9,27 Seats available,450
https://www.redbus.in/bus-tickets/siliguri-to-kolkata,Siliguri to Kolkata,Maulik Paribahan,A/C Seater / Sleeper (2+2),18:30,11h 30m,06:00,3.3,59 Seats available,850
https://www.redbus.in/bus-tickets/kolkata-to-contai-kanthi,Kolkata to Contai (Kanthi),SBSTC-GARIA - DIGHA - 22:30 (DIGHA DEPOT) - 3745,NON AC Seater (2+3),23:45,00h 15m,00:00,3.2,8 Seats available,126
https://www.redbus.in/bus-tickets/kolkata-to-contai-kanthi,Kolkata to Contai (Kanthi),Mayuri Express,A/C Seater (2+3),18:20,03h 40m,22:00,3.3,60 Seats available,278
https://www.redbus.in/bus-tickets/kolkata-to-contai-kanthi,Kolkata to Contai (Kanthi),Santosh Bus Service,A/C Seater Push Back (2+3),19:00,03h 20m,22:20,4.9,44 Seats available,199
https://www.redbus.in/bus-tickets/kolkata-to-contai-kanthi,Kolkata to Contai (Kanthi),Snemita Parisheba,A/C Seater (2+3),19:05,04h 00m,23:05,3.6,20 Seats available,352
https://www.redbus.in/bus-tickets/kolkata-to-contai-kanthi,Kolkata to Contai (Kanthi),Parameswar Travels,A/C Seater Push Back (2+3),21:50,04h 40m,02:30,3.3,51 Seats available,285
https://www.redbus.in/bus-tickets/kolkata-to-contai-kanthi,Kolkata to Contai (Kanthi),Mayuri Express,A/C Seater (2+2),23:15,03h 15m,02:30,4.5,27 Seats available,278
https://www.redbus.in/bus-tickets/kolkata-to-contai-kanthi,Kolkata to Contai (Kanthi),City Express (Shinjini),A/C Seater (2+2),23:45,03h 45m,03:30,3.3,12 Seats available,470
https://www.redbus.in/bus-tickets/kolkata-to-contai-kanthi,Kolkata to Contai (Kanthi),Parameswar Travels,A/C Seater Push Back (2+3),23:45,04h 15m,04:00,3.3,51 Seats available,285
https://www.redbus.in/bus-tickets/kolkata-to-contai-kanthi,Kolkata to Contai (Kanthi),Snemita Paribahan (Shinjini),A/C Seater (2+2),23:45,03h 45m,03:30,3.3,16 Seats available,470
https://www.redbus.in/bus-tickets/kolkata-to-contai-kanthi,Kolkata to Contai (Kanthi),Parameswar Travels,A/C Seater Push Back (2+2),23:50,04h 10m,04:00,1.8,26 Seats available,285
https://www.redbus.in/bus-tickets/kolkata-to-contai-kanthi,Kolkata to Contai (Kanthi),Parameswar Travels,A/C Seater Push Back (2+3),23:55,04h 05m,04:00,1.5,49 Seats available,285
https://www.redbus.in/bus-tickets/kolkata-to-contai-kanthi,Kolkata to Contai (Kanthi),Parameswar Travels,A/C Seater Push Back (2+3),23:59,04h 01m,04:00,1.7,40 Seats available,285
https://www.redbus.in/bus-tickets/kolkata-to-contai-kanthi,Kolkata to Contai (Kanthi),Suvam Travels,NON AC Seater (2+3),16:30,03h 00m,19:30,1.9,59 Seats available,200
https://www.redbus.in/bus-tickets/kolkata-to-contai-kanthi,Kolkata to Contai (Kanthi),Samanta Travels,A/C Seater (2+3),18:10,04h 00m,22:10,2.4,16 Seats available,285
https://www.redbus.in/bus-tickets/kolkata-to-contai-kanthi,Kolkata to Contai (Kanthi),Santosh Bus Service,A/C Seater (2+3),18:30,04h 15m,22:45,1.2,46 Seats available,200
https://www.redbus.in/bus-tickets/kolkata-to-contai-kanthi,Kolkata to Contai (Kanthi),Samanta Travels,A/C Seater (2+3),18:50,03h 10m,22:00,4.6,61 Seats available,285
https://www.redbus.in/bus-tickets/kolkata-to-contai-kanthi,Kolkata to Contai (Kanthi),Santosh Bus Service,A/C Seater (2+3),19:30,04h 10m,23:40,3.0,41 Seats available,184
https://www.redbus.in/bus-tickets/kolkata-to-contai-kanthi,Kolkata to Contai (Kanthi),Snemita Parisheba,A/C Seater (2+3),19:30,04h 00m,23:30,3.2,20 Seats available,352
https://www.redbus.in/bus-tickets/digha-to-durgapur,Digha to Durgapur (West Bengal),SBSTC-DIGHA - DURGAPUR - VIA - BISHNUPUR - 2/2 - 20:30 - 3808,NON AC Seater (2+2),20:30,08h 10m,04:40,3.7,5 Seats available,233
https://www.redbus.in/bus-tickets/digha-to-durgapur,Digha to Durgapur (West Bengal),SBSTC-DIGHA - ASANSOL - VIA - MEDINIPUR-DURGAPUR - 21:30 - 1553,NON AC Seater (2+3),21:30,08h 30m,06:00,3.8,22 Seats available,238
https://www.redbus.in/bus-tickets/digha-to-durgapur,Digha to Durgapur (West Bengal),New Eureka Travels,A/C Seater / Sleeper (2+2),19:30,08h 20m,03:50,3.3,56 Seats available,600
https://www.redbus.in/bus-tickets/kolkata-to-midnapore,Kolkata to Midnapore,SBSTC-KOLKATA - MIDNAPUR - 18:00 (MID DEPOT) - 597,NON AC Seater (2+3),18:00,03h 00m,21:00,4.1,43 Seats available,110
https://www.redbus.in/bus-tickets/kolkata-to-midnapore,Kolkata to Midnapore,SBSTC-KOLKATA - MIDNAPUR - 18:45 (MID DEPOT) - 678,NON AC Seater (2+3),18:45,03h 00m,21:45,3.3,47 Seats available,110
https://www.redbus.in/bus-tickets/kolkata-to-nandakumar,Kolkata to Nandakumar (west bengal),SBSTC-KOLKATA - NANDIGRAM - 16:45 (HWH DEPOT) - 602,NON AC Seater (2+3),16:45,07h 15m,00:00,4.0,52 Seats available,85
https://www.redbus.in/bus-tickets/kolkata-to-nandakumar,Kolkata to Nandakumar (west bengal),SBSTC-KOLKATA - HALDIA - 17:000 (Haldia Depot) - 3017,NON AC Seater (2+3),17:00,07h 00m,00:00,4.0,52 Seats available,85
https://www.redbus.in/bus-tickets/kolkata-to-nandakumar,Kolkata to Nandakumar (west bengal),SBSTC-KOLKATA - HALDIA - 17.30 (HALDIA DEPOT) - 565,NON AC Seater (2+3),17:30,06h 30m,00:00,2.8,48 Seats available,85
https://www.redbus.in/bus-tickets/kolkata-to-nandakumar,Kolkata to Nandakumar (west bengal),SBSTC-KOLKATA - HALDIA - 18.15 (HALDIA DEPOT) - 566,NON AC Seater (2+3),18:15,05h 45m,00:00,2.8,48 Seats available,85
https://www.redbus.in/bus-tickets/kolkata-to-nandakumar,Kolkata to Nandakumar (west bengal),SBSTC-GARIA - DIGHA - 22:30 (DIGHA DEPOT) - 3745,NON AC Seater (2+3),23:45,00h 15m,00:00,3.1,6 Seats available,85
https://www.redbus.in/bus-tickets/kolkata-to-nandakumar,Kolkata to Nandakumar (west bengal),Basu Travels,A/C Seater Push Back (2+3),23:30,02h 15m,01:45,5.0,38 Seats available,499
https://www.redbus.in/bus-tickets/kolkata-to-nandakumar,Kolkata to Nandakumar (west bengal),Basu Travels,A/C Seater Push Back (2+3),23:55,02h 20m,02:15,4.1,21 Seats available,469
https://www.redbus.in/bus-tickets/kolkata-to-mecheda-west-bengal,Kolkata to Mecheda (West Bengal),SBSTC-KOLKATA - NANDIGRAM - 16:45 (HWH DEPOT) - 602,NON AC Seater (2+3),16:45,07h 15m,00:00,3.7,51 Seats available,68
https://www.redbus.in/bus-tickets/kolkata-to-mecheda-west-bengal,Kolkata to Mecheda (West Bengal),SBSTC-KOLKATA - HALDIA - 17:000 (Haldia Depot) - 3017,NON AC Seater (2+3),17:00,07h 00m,00:00,4.1,51 Seats available,68
https://www.redbus.in/bus-tickets/kolkata-to-mecheda-west-bengal,Kolkata to Mecheda (West Bengal),SBSTC-KOLKATA - HALDIA - 17.30 (HALDIA DEPOT) - 565,NON AC Seater (2+3),17:30,06h 30m,00:00,4.2,48 Seats available,68
https://www.redbus.in/bus-tickets/kolkata-to-mecheda-west-bengal,Kolkata to Mecheda (West Bengal),SBSTC-KOLKATA - HALDIA - 18.15 (HALDIA DEPOT) - 566,NON AC Seater (2+3),18:15,05h 45m,00:00,3.8,45 Seats available,68
https://www.redbus.in/bus-tickets/kolkata-to-mecheda-west-bengal,Kolkata to Mecheda (West Bengal),SBSTC-GARIA - DIGHA - 22:30 (DIGHA DEPOT) - 3745,NON AC Seater (2+3),23:45,00h 15m,00:00,4.4,8 Seats available,68
https://www.redbus.in/bus-tickets/durgapur-to-digha,Durgapur (West Bengal) to Digha,SBSTC-DURGAPUR - DIGHA - VIA - MIDNAPUR - 2/2 - 20:00 (D - 3807,NON AC Seater (2+2),20:00,08h 45m,04:45,3.7,6 Seats available,238
https://www.redbus.in/bus-tickets/durgapur-to-digha,Durgapur (West Bengal) to Digha,ISHIKA TRADERS,A/C Seater / Sleeper (2+2),21:10,07h 50m,05:00,4.4,36 Seats available,600
https://www.redbus.in/bus-tickets/kolkata-to-kolaghat,Kolkata to Kolaghat,SBSTC-KOLKATA - GOPIGANJ - 17:30 (ARM DEPOT) - 603,NON AC Seater (2+3),17:30,06h 30m,00:00,4.4,50 Seats available,64
https://www.redbus.in/bus-tickets/kolkata-to-kolaghat,Kolkata to Kolaghat,SBSTC-KOLKATA - MIDNAPUR - 18:00 (MID DEPOT) - 597,NON AC Seater (2+3),18:00,06h 00m,00:00,3.2,46 Seats available,64
https://www.redbus.in/bus-tickets/kolkata-to-kolaghat,Kolkata to Kolaghat,SBSTC-KOLKATA - MIDNAPUR - 18:45 (MID DEPOT) - 678,NON AC Seater (2+3),18:45,05h 15m,00:00,1.0,48 Seats available,64
https://www.redbus.in/bus-tickets/kolkata-to-kolaghat,Kolkata to Kolaghat,SBSTC-GARIA - DIGHA - 22:30 (DIGHA DEPOT) - 3745,NON AC Seater (2+3),22:30,01h 30m,00:00,1.4,8 Seats available,80
https://www.redbus.in/bus-tickets/digha-to-barasat-west-bengal,Digha to Barasat (West Bengal),Snemita Paribahan (Shinjini),A/C Seater (2+3),23:35,05h 25m,05:00,2.6,2 Seats available,420
https://www.redbus.in/bus-tickets/digha-to-barasat-west-bengal,Digha to Barasat (West Bengal),Aradhana Bus Service,NON AC Seater (2+3),16:50,06h 40m,23:30,2.9,53 Seats available,333
https://www.redbus.in/bus-tickets/digha-to-barasat-west-bengal,Digha to Barasat (West Bengal),Aradhana Travels,A/C Seater / Sleeper (2+2),18:35,05h 20m,23:55,3.2,18 Seats available,475
https://www.redbus.in/bus-tickets/digha-to-barasat-west-bengal,Digha to Barasat (West Bengal),Satya Paribahan,A/C Seater (2+3),23:00,06h 10m,05:10,1.0,27 Seats available,296
https://www.redbus.in/bus-tickets/digha-to-barasat-west-bengal,Digha to Barasat (West Bengal),Arunita Paribahan,A/C Seater (2+3),23:35,05h 25m,05:00,3.7,20 Seats available,370
https://www.redbus.in/bus-tickets/digha-to-barasat-west-bengal,Digha to Barasat (West Bengal),The Joy Ride,A/C Seater / Sleeper (2+2),21:15,06h 20m,03:35,3.2,28 Seats available,650
https://www.redbus.in/bus-tickets/digha-to-barasat-west-bengal,Digha to Barasat (West Bengal),Aradhana Bus Service,A/C Seater / Sleeper (2+2),23:00,05h 30m,04:30,4.5,28 Seats available,570
https://www.redbus.in/bus-tickets/durgapur-to-siliguri,Durgapur (West Bengal) to Siliguri,SBSTC-ASANSOL - SILIGURI - 2/2 VIA - SURI - 15:50 (ASN D - 3809,NON AC Seater (2+2),17:10,10h 50m,04:00,4.2,28 Seats available,455
https://www.redbus.in/bus-tickets/durgapur-to-siliguri,Durgapur (West Bengal) to Siliguri,SBSTC-BANKURA - SILIGURI - A/C - 16:30 (DGP DEPOT) - 3959,A/C Seater (2+2),18:30,11h 30m,06:00,4.2,34 Seats available,810
https://www.redbus.in/bus-tickets/durgapur-to-siliguri,Durgapur (West Bengal) to Siliguri,Shyamoli Paribahan Pvt Ltd,Scania Multi-Axle A/C Semi Sleeper (2+2),19:30,10h 55m,06:25,3.6,31 Seats available,1000
https://www.redbus.in/bus-tickets/durgapur-to-siliguri,Durgapur (West Bengal) to Siliguri,Greenline,Volvo 9600 Multi-Axle A/C Sleeper (2+1),19:45,10h 45m,06:30,3.8,14 Seats available,1350
https://www.redbus.in/bus-tickets/durgapur-to-siliguri,Durgapur (West Bengal) to Siliguri,Express Line,Volvo 9600 Multi-Axle A/C Sleeper (2+1),19:40,11h 05m,06:45,3.4,20 Seats available,1349
https://www.redbus.in/bus-tickets/durgapur-to-siliguri,Durgapur (West Bengal) to Siliguri,Guru Nanak (Inter City),NON AC Seater / Sleeper (2+2),18:30,13h 30m,08:00,2.8,36 Seats available,599
https://www.redbus.in/bus-tickets/durgapur-to-siliguri,Durgapur (West Bengal) to Siliguri,Lady Diana Travels,NON AC Seater / Sleeper (2+2),18:15,12h 00m,06:15,2.4,2 Seats available,600
https://www.redbus.in/bus-tickets/durgapur-to-siliguri,Durgapur (West Bengal) to Siliguri,Shivnarayan Travels,NON AC Seater / Sleeper (2+2),18:00,12h 30m,06:30,3.5,10 Seats available,650
https://www.redbus.in/bus-tickets/durgapur-to-siliguri,Durgapur (West Bengal) to Siliguri,Shivnarayan Travels,NON AC Seater / Sleeper (2+2),19:00,12h 00m,07:00,4.1,10 Seats available,650
https://www.redbus.in/bus-tickets/durgapur-to-siliguri,Durgapur (West Bengal) to Siliguri,Shreya Roadlines (Mangaldeep),NON AC Seater / Sleeper (2+2),17:35,12h 25m,06:00,3.6,24 Seats available,550
https://www.redbus.in/bus-tickets/durgapur-to-siliguri,Durgapur (West Bengal) to Siliguri,New Das Paribahan,NON AC Seater / Sleeper (2+2),16:30,13h 05m,05:35,2.8,12 Seats available,600
https://www.redbus.in/bus-tickets/midnapore-to-barasat-west-bengal,Midnapore to Barasat (West Bengal),WBTC (CTC) Habra-Midnapur - 194|17:00,NON AC Seater (2+3),17:00,03h 10m,20:10,2.8,49 Seats available,120
https://www.redbus.in/bus-tickets/kolkata-to-heria,Kolkata to Heria,SBSTC-GARIA - DIGHA - 22:30 (DIGHA DEPOT) - 3745,NON AC Seater (2+3),23:45,00h 15m,00:00,3.5,7 Seats available,107
https://www.redbus.in/bus-tickets/kolkata-to-heria,Kolkata to Heria,Basu Travels,A/C Seater Push Back (2+3),23:30,03h 25m,02:55,3.9,38 Seats available,499
https://www.redbus.in/bus-tickets/kolkata-to-heria,Kolkata to Heria,Basu Travels,A/C Seater Push Back (2+3),23:55,02h 50m,02:45,3.0,21 Seats available,469
https://www.redbus.in/bus-tickets/kolkata-to-chandipur-west-bengal,Kolkata to Chandipur (West Bengal),SBSTC-KOLKATA - NANDIGRAM - 16:45 (HWH DEPOT) - 602,NON AC Seater (2+3),16:45,07h 15m,00:00,4.3,52 Seats available,96
https://www.redbus.in/bus-tickets/kolkata-to-chandipur-west-bengal,Kolkata to Chandipur (West Bengal),SBSTC-GARIA - DIGHA - 22:30 (DIGHA DEPOT) - 3745,NON AC Seater (2+3),23:45,00h 15m,00:00,4.2,8 Seats available,96
https://www.redbus.in/bus-tickets/siliguri-to-durgapur,Siliguri to Durgapur (West Bengal),SBSTC-SILIGURI - BANKURA - A/C - 20:00 (DGP DEPOT) - 3960,A/C Seater (2+2),20:00,10h 00m,06:00,3.6,35 Seats available,810
https://www.redbus.in/bus-tickets/siliguri-to-durgapur,Siliguri to Durgapur (West Bengal),Shyamoli Paribahan Pvt Ltd,Scania Multi-Axle A/C Semi Sleeper (2+2),18:20,10h 55m,05:15,3.6,28 Seats available,1000
https://www.redbus.in/bus-tickets/siliguri-to-durgapur,Siliguri to Durgapur (West Bengal),Greenline,Volvo 9600 Multi-Axle A/C Sleeper (2+1),19:00,11h 00m,06:00,3.6,3 Seats available,1350
https://www.redbus.in/bus-tickets/siliguri-to-durgapur,Siliguri to Durgapur (West Bengal),Shivnarayan Travels,NON AC Seater / Sleeper (2+2),17:30,11h 30m,05:00,4.0,4 Seats available,650
https://www.redbus.in/bus-tickets/siliguri-to-durgapur,Siliguri to Durgapur (West Bengal),Mangaldeep,NON AC Seater / Sleeper (2+2),16:50,11h 40m,04:30,1.4,15 Seats available,600
https://www.redbus.in/bus-tickets/kolkata-to-futishanko,Kolkata to Futishanko,SBSTC-KOLKATA - KANDRA - 17:00 (BWN DEPOT) - 689,NON AC Seater (2+3),17:00,07h 00m,00:00,3.9,49 Seats available,140
https://www.redbus.in/bus-tickets/durgapur-to-malda,Durgapur (West Bengal) to Malda,SBSTC-ASANSOL - SILIGURI - 2/2 VIA - SURI - 15:50 (ASN D - 3809,NON AC Seater (2+2),17:10,06h 50m,00:00,3.1,30 Seats available,240
https://www.redbus.in/bus-tickets/durgapur-to-malda,Durgapur (West Bengal) to Malda,SBSTC-BANKURA - SILIGURI - A/C - 16:30 (DGP DEPOT) - 3959,A/C Seater (2+2),18:30,05h 30m,00:00,4.7,34 Seats available,560
https://www.redbus.in/bus-tickets/durgapur-to-malda,Durgapur (West Bengal) to Malda,Shyamoli Paribahan Pvt Ltd,Scania Multi-Axle A/C Semi Sleeper (2+2),19:30,05h 20m,00:50,3.9,31 Seats available,600
https://www.redbus.in/bus-tickets/durgapur-to-malda,Durgapur (West Bengal) to Malda,Guru Nanak (Inter City),NON AC Seater / Sleeper (2+2),18:30,05h 40m,00:10,3.3,30 Seats available,399
https://www.redbus.in/bus-tickets/durgapur-to-malda,Durgapur (West Bengal) to Malda,Express Line,Volvo 9600 Multi-Axle A/C Sleeper (2+1),19:40,05h 30m,01:10,3.6,20 Seats available,999
https://www.redbus.in/bus-tickets/durgapur-to-malda,Durgapur (West Bengal) to Malda,Greenline,Volvo 9600 Multi-Axle A/C Sleeper (2+1),19:45,05h 30m,01:15,2.7,14 Seats available,1000
https://www.redbus.in/bus-tickets/durgapur-to-malda,Durgapur (West Bengal) to Malda,Shreya Roadlines (Mangaldeep),NON AC Seater / Sleeper (2+2),17:35,06h 55m,00:30,3.7,23 Seats available,450
https://www.redbus.in/bus-tickets/digha-to-asansol,Digha to Asansol (West Bengal),SBSTC-DIGHA - ASANSOL - VIA - MEDINIPUR-DURGAPUR - 21:30 - 1553,NON AC Seater (2+3),21:30,09h 40m,07:10,2.9,22 Seats available,267
https://www.redbus.in/bus-tickets/digha-to-asansol,Digha to Asansol (West Bengal),New Eureka Travels,A/C Seater / Sleeper (2+2),19:30,09h 30m,05:00,2.9,56 Seats available,700
https://www.redbus.in/bus-tickets/kolkata-to-ramnagar-west-bengal,Kolkata to Ramnagar (West Bengal),SBSTC-GARIA - DIGHA - 22:30 (DIGHA DEPOT) - 3745,NON AC Seater (2+3),23:45,00h 15m,00:00,2.8,7 Seats available,144
https://www.redbus.in/bus-tickets/kolkata-to-ramnagar-west-bengal,Kolkata to Ramnagar (West Bengal),Bengal Surface Transport,A/C Seater Push Back (2+3),23:20,04h 40m,04:00,2.8,61 Seats available,419
https://www.redbus.in/bus-tickets/kolkata-to-ramnagar-west-bengal,Kolkata to Ramnagar (West Bengal),Bengal Surface Transport,A/C Seater Push Back (2+3),23:59,04h 46m,04:45,3.6,20 Seats available,399
https://www.redbus.in/bus-tickets/kolkata-to-ramnagar-west-bengal,Kolkata to Ramnagar (West Bengal),Basu Travels,A/C Seater Push Back (2+3),23:30,04h 15m,03:45,3.8,20 Seats available,499
https://www.redbus.in/bus-tickets/kolkata-to-ramnagar-west-bengal,Kolkata to Ramnagar (West Bengal),Basu Travels,A/C Seater Push Back (2+3),23:55,04h 45m,04:40,2.9,21 Seats available,469
https://www.redbus.in/bus-tickets/kolkata-to-bajkul-west-bengal,Kolkata to Bajkul (West Bengal),SBSTC-GARIA - DIGHA - 22:30 (DIGHA DEPOT) - 3745,NON AC Seater (2+3),23:45,00h 15m,00:00,2.8,7 Seats available,103
https://www.redbus.in/bus-tickets/kolkata-to-bajkul-west-bengal,Kolkata to Bajkul (West Bengal),Santosh Bus Service,NON AC Seater Pushback (2+3),20:05,03h 40m,23:45,2.8,37 Seats available,143
https://www.redbus.in/bus-tickets/kolkata-to-bajkul-west-bengal,Kolkata to Bajkul (West Bengal),Bengal Surface Transport,A/C Seater Push Back (2+3),23:20,02h 55m,02:15,2.9,61 Seats available,419
https://www.redbus.in/bus-tickets/kolkata-to-bajkul-west-bengal,Kolkata to Bajkul (West Bengal),Basu Travels,A/C Seater Push Back (2+3),23:30,03h 00m,02:30,3.8,38 Seats available,499
https://www.redbus.in/bus-tickets/kolkata-to-bajkul-west-bengal,Kolkata to Bajkul (West Bengal),Basu Travels,A/C Seater Push Back (2+3),23:55,02h 25m,02:20,3.8,21 Seats available,469
https://www.redbus.in/bus-tickets/kolkata-to-bajkul-west-bengal,Kolkata to Bajkul (West Bengal),Bengal Surface Transport,A/C Seater Push Back (2+3),23:59,02h 31m,02:30,4.4,20 Seats available,399
https://www.redbus.in/bus-tickets/durgapur-to-bankura,Durgapur (West Bengal) to Bankura,SBSTC-KARUNAMOYEE - BANKURA - A/C - 15:15 (BNK DEPOT) - 1524,A/C Seater (2+2),19:30,04h 30m,00:00,2.9,28 Seats available,70
https://www.redbus.in/bus-tickets/durgapur-to-bankura,Durgapur (West Bengal) to Bankura,Dolphin tours and travels,A/C Seater / Sleeper (2+2),17:45,01h 15m,19:00,3.4,30 Seats available,896
https://www.redbus.in/bus-tickets/siliguri-to-malda,Siliguri to Malda,SBSTC-SILIGURI - KOLKATA - VIA - MALDA - EXPRESS - 19:30 - 3806,Express (NON AC Seater 2+2),19:30,04h 30m,00:00,4.3,23 Seats available,225
https://www.redbus.in/bus-tickets/siliguri-to-malda,Siliguri to Malda,SBSTC-SILIGURI - BANKURA - A/C - 20:00 (DGP DEPOT) - 3960,A/C Seater (2+2),20:00,04h 00m,00:00,4.5,35 Seats available,560
https://www.redbus.in/bus-tickets/siliguri-to-malda,Siliguri to Malda,Mangaldeep,NON AC Seater / Sleeper (2+2),16:30,05h 40m,22:10,4.2,13 Seats available,600
https://www.redbus.in/bus-tickets/siliguri-to-malda,Siliguri to Malda,Shyamoli Paribahan Pvt Ltd,Scania Multi-Axle A/C Semi Sleeper (2+2),18:20,05h 00m,23:20,3.6,34 Seats available,500
https://www.redbus.in/bus-tickets/siliguri-to-malda,Siliguri to Malda,Lokenath Bus Service,Volvo Multi-Axle A/C Seater/Sleeper (2+1),18:45,05h 10m,23:55,5.0,32 Seats available,649
https://www.redbus.in/bus-tickets/siliguri-to-malda,Siliguri to Malda,Express Line,Volvo 9600 Multi-Axle A/C Sleeper (2+1),18:45,05h 00m,23:45,3.4,15 Seats available,999
https://www.redbus.in/bus-tickets/siliguri-to-malda,Siliguri to Malda,Modern Travels,Bharat Benz A/C Seater /Sleeper (2+1),19:00,04h 55m,23:55,4.5,29 Seats available,825
https://www.redbus.in/bus-tickets/siliguri-to-malda,Siliguri to Malda,Greenline,Volvo 9600 Multi-Axle A/C Sleeper (2+1),19:00,04h 59m,23:59,5.0,17 Seats available,1100
https://www.redbus.in/bus-tickets/siliguri-to-malda,Siliguri to Malda,Aradhana Travels,A/C Seater / Sleeper (2+1),19:05,05h 45m,00:50,3.8,27 Seats available,713
https://www.redbus.in/bus-tickets/siliguri-to-malda,Siliguri to Malda,Shyamoli Paribahan Pvt Ltd,Volvo 9600 A/C Seater/Sleeper (2+1),19:30,05h 10m,00:40,2.6,33 Seats available,600
https://www.redbus.in/bus-tickets/siliguri-to-malda,Siliguri to Malda,Lokenath Bus Service,Volvo Multi Axle B11R A/C Seater\Sleeper (2+1),20:30,04h 50m,01:20,2.3,44 Seats available,749
https://www.redbus.in/bus-tickets/siliguri-to-malda,Siliguri to Malda,Aradhana Travels,Volvo A/C B11R Multi Axle Semi Sleeper (2+2),21:30,05h 30m,03:00,2.2,27 Seats available,855
https://www.redbus.in/bus-tickets/siliguri-to-malda,Siliguri to Malda,Maa Durga Bus Service,NON AC Seater (2+2),18:00,07h 30m,01:30,1.3,14 Seats available,600
https://www.redbus.in/bus-tickets/siliguri-to-malda,Siliguri to Malda,Maulik Paribahan,A/C Seater / Sleeper (2+2),18:30,05h 41m,00:11,4.1,60 Seats available,850
https://www.redbus.in/bus-tickets/siliguri-to-malda,Siliguri to Malda,Lokenath Bus Service,Volvo 9600 Multi-Axle A/C Sleeper (2+1),19:15,05h 15m,00:30,3.1,20 Seats available,950
https://www.redbus.in/bus-tickets/siliguri-to-malda,Siliguri to Malda,Aradhana Travels,NON AC Seater / Sleeper (2+2),22:00,08h 00m,06:00,3.4,33 Seats available,475
