https://www.redbus.in/bus-tickets/tezpur-to-guwahati,Tezpur to Guwahati,Assam State Transport Corporation (ASTC) - 147480,Bharat Benz A/C Seater (2+2),05:00,04h 00m,09:00,3.5,6 Seats available,270
https://www.redbus.in/bus-tickets/tezpur-to-guwahati,Tezpur to Guwahati,Assam State Transport Corporation (ASTC) - 135927,Volvo A/C Seater 2+2,07:10,04h 30m,11:40,4.3,16 Seats available,298
https://www.redbus.in/bus-tickets/tezpur-to-guwahati,Tezpur to Guwahati,Assam State Transport Corporation (ASTC) - 170878,Bharat Benz A/C Seater (2+2),10:35,04h 40m,15:15,4.4,5 Seats available,298
https://www.redbus.in/bus-tickets/tezpur-to-guwahati,Tezpur to Guwahati,Assam State Transport Corporation (ASTC) - 157959,Bharat Benz A/C Seater (2+2),14:00,04h 30m,18:30,4.3,13 Seats available,298
https://www.redbus.in/bus-tickets/tezpur-to-guwahati,Tezpur to Guwahati,Assam State Transport Corporation (ASTC) - 168821,Bharat Benz A/C Seater (2+2),15:45,04h 45m,20:30,2.7,35 Seats available,298
https://www.redbus.in/bus-tickets/tezpur-to-guwahati,Tezpur to Guwahati,Assam State Transport Corporation (ASTC) - 139847,Volvo A/C Seater 2+2,16:15,04h 15m,20:30,4.2,14 Seats available,298
https://www.redbus.in/bus-tickets/tezpur-to-guwahati,Tezpur to Guwahati,NEELKANTH TRAVELS,A/C Seater Push BA/Ck (2+2),05:15,03h 15m,08:30,4.4,34 Seats available,300
https://www.redbus.in/bus-tickets/tezpur-to-guwahati,Tezpur to Guwahati,Sparrow Travels (Under ASTC),A/C Seater Push BA/Ck (2+2),05:20,04h 10m,09:30,3.7,39 Seats available,330
https://www.redbus.in/bus-tickets/tezpur-to-guwahati,Tezpur to Guwahati,MAA Anada (UNDER ASTC),A/C Seater (2+2),05:20,03h 10m,08:30,4.2,26 Seats available,304.2
https://www.redbus.in/bus-tickets/tezpur-to-guwahati,Tezpur to Guwahati,Orient Transline,NON AC Seater (2+1),05:55,03h 25m,09:20,3.4,26 Seats available,285.71
https://www.redbus.in/bus-tickets/tezpur-to-guwahati,Tezpur to Guwahati,WARISPIYA TRAVELS,Bharat Benz A/C Seater (2+2),06:30,03h 55m,10:25,4.0,23 Seats available,360
https://www.redbus.in/bus-tickets/tezpur-to-guwahati,Tezpur to Guwahati,Orient Transline,A/C Seater (2+1),06:45,03h 40m,10:25,3.7,21 Seats available,342.86
https://www.redbus.in/bus-tickets/tezpur-to-guwahati,Tezpur to Guwahati,Orient Transline,A/C Seater (2+1),07:25,03h 30m,10:55,4.4,23 Seats available,342.86
https://www.redbus.in/bus-tickets/tezpur-to-guwahati,Tezpur to Guwahati,WARISPIYA TRAVELS,A/C Seater (2+2),07:45,04h 15m,12:00,4.2,27 Seats available,360
https://www.redbus.in/bus-tickets/tezpur-to-guwahati,Tezpur to Guwahati,Mahi Travels(Under ASTC),A/C Seater (2+2),08:00,03h 30m,11:30,4.8,2 Seats available,357
https://www.redbus.in/bus-tickets/tezpur-to-guwahati,Tezpur to Guwahati,Mahalaxmi Travels,Tata A/C Seater (2+2),09:55,04h 05m,14:00,3.6,33 Seats available,300
https://www.redbus.in/bus-tickets/tezpur-to-guwahati,Tezpur to Guwahati,Pranjit Travels (Under ASTC),NON AC Seater (2+1),10:10,04h 50m,15:00,3.1,18 Seats available,450
https://www.redbus.in/bus-tickets/tezpur-to-guwahati,Tezpur to Guwahati,Chartered Bus - ASTC,A/C Seater Push BA/Ck (2+2),11:30,04h 45m,16:15,4.4,7 Seats available,432.06
https://www.redbus.in/bus-tickets/tezpur-to-guwahati,Tezpur to Guwahati,Pranjit Travels (Under ASTC),NON AC Seater (2+1),11:30,05h 15m,16:45,4.3,19 Seats available,450
https://www.redbus.in/bus-tickets/tezpur-to-guwahati,Tezpur to Guwahati,KIRAN TRAVELS,NON AC Seater (2+1),12:00,05h 30m,17:30,3.5,18 Seats available,315
https://www.redbus.in/bus-tickets/tezpur-to-guwahati,Tezpur to Guwahati,Chartered Bus - ASTC,Volvo A/C Seater PushbA/Ck 2+2,13:00,04h 00m,17:00,4.7,19 Seats available,432.06
https://www.redbus.in/bus-tickets/tezpur-to-guwahati,Tezpur to Guwahati,Chartered Bus - ASTC,Volvo A/C Seater PushbA/Ck 2+2,15:30,03h 45m,19:15,4.6,31 Seats available,432.06
https://www.redbus.in/bus-tickets/tezpur-to-guwahati,Tezpur to Guwahati,BLUE HILL TRAVELS INDIA LIMITED,NON AC Seater Semi Sleeper (2+1),21:30,06h 00m,03:30,3.2,21 Seats available,400
https://www.redbus.in/bus-tickets/tezpur-to-guwahati,Tezpur to Guwahati,Upasana Travels (Under ASTC),A/C Seater (2+2),06:10,04h 10m,10:20,1.6,40 Seats available,330
https://www.redbus.in/bus-tickets/tezpur-to-guwahati,Tezpur to Guwahati,Kalpana Travels,NON AC Seater (2+2),08:50,03h 40m,12:30,1.9,35 Seats available,318
https://www.redbus.in/bus-tickets/tezpur-to-guwahati,Tezpur to Guwahati,Brindaban Travels,NON AC Seater (2+2),09:15,04h 00m,13:15,2.7,35 Seats available,375
https://www.redbus.in/bus-tickets/tezpur-to-guwahati,Tezpur to Guwahati,Karisma Travels,NON AC Seater Push BA/Ck (2+2),10:00,04h 15m,14:15,1.7,35 Seats available,300
https://www.redbus.in/bus-tickets/tezpur-to-guwahati,Tezpur to Guwahati,PANKAJ TRAVELS,A/C Seater (2+1),12:20,04h 40m,17:00,0,12 Seats available,456
https://www.redbus.in/bus-tickets/tezpur-to-guwahati,Tezpur to Guwahati,Maya Travels,Tata A/C Seater (2+2),13:00,04h 30m,17:30,1.6,39 Seats available,300
https://www.redbus.in/bus-tickets/tezpur-to-guwahati,Tezpur to Guwahati,DESTINY TRAVELS,NON AC Seater (2+1),18:30,09h 15m,03:45,0,10 Seats available,380
https://www.redbus.in/bus-tickets/tezpur-to-guwahati,Tezpur to Guwahati,Himalayan Travels,NON AC Seater (2+2),23:40,04h 20m,04:00,0,23 Seats available,450
https://www.redbus.in/bus-tickets/tezpur-to-guwahati,Tezpur to Guwahati,BLUE HILL TRAVELS INDIA LIMITED,NON AC Seater Semi Sleeper (2+1),22:15,05h 30m,03:45,3.8,31 Seats available,550
https://www.redbus.in/bus-tickets/guwahati-to-tezpur,Guwahati to Tezpur,Assam State Transport Corporation (ASTC) - 139846,Volvo A/C Seater 2+2,06:10,03h 50m,10:00,4.5,18 Seats available,298
https://www.redbus.in/bus-tickets/guwahati-to-tezpur,Guwahati to Tezpur,Assam State Transport Corporation (ASTC) - 170668,Bharat Benz A/C Seater (2+2),06:30,04h 15m,10:45,4.4,27 Seats available,298
https://www.redbus.in/bus-tickets/guwahati-to-tezpur,Guwahati to Tezpur,Assam State Transport Corporation (ASTC) - 143955,Bharat Benz A/C Seater (2+2),07:00,04h 00m,11:00,4.3,25 Seats available,298
https://www.redbus.in/bus-tickets/guwahati-to-tezpur,Guwahati to Tezpur,Assam State Transport Corporation (ASTC) - 173419,Bharat Benz A/C Seater (2+2),07:15,03h 35m,10:50,4.5,4 Seats available,298
https://www.redbus.in/bus-tickets/guwahati-to-tezpur,Guwahati to Tezpur,Assam State Transport Corporation (ASTC) - 154910,Bharat Benz A/C Seater (2+2),10:30,04h 30m,15:00,3.7,8 Seats available,298
https://www.redbus.in/bus-tickets/guwahati-to-tezpur,Guwahati to Tezpur,Assam State Transport Corporation (ASTC) - 79324,Volvo A/C Seater 2+2,13:45,04h 45m,18:30,4.3,25 Seats available,298
https://www.redbus.in/bus-tickets/guwahati-to-tezpur,Guwahati to Tezpur,Assam State Transport Corporation (ASTC) - 174839,Bharat Benz A/C Seater (2+2),15:15,04h 00m,19:15,4.1,34 Seats available,298
https://www.redbus.in/bus-tickets/guwahati-to-tezpur,Guwahati to Tezpur,Karisma (Aziba),NON AC Seater (2+1),06:00,04h 40m,10:40,3.7,17 Seats available,300
https://www.redbus.in/bus-tickets/guwahati-to-tezpur,Guwahati to Tezpur,Chartered Bus - ASTC,Volvo A/C Seater PushbA/Ck 2+2,06:15,04h 15m,10:30,4.5,15 Seats available,432.06
https://www.redbus.in/bus-tickets/guwahati-to-tezpur,Guwahati to Tezpur,Yatra Travels,NON AC Seater (2+1),07:00,05h 00m,12:00,3.3,7 Seats available,450
https://www.redbus.in/bus-tickets/guwahati-to-tezpur,Guwahati to Tezpur,Chartered Bus - ASTC,A/C Seater Push BA/Ck (2+2),07:00,04h 00m,11:00,4.4,8 Seats available,432.06
https://www.redbus.in/bus-tickets/guwahati-to-tezpur,Guwahati to Tezpur,KIRAN TRAVELS,A/C Seater (2+1),07:05,04h 25m,11:30,3.1,9 Seats available,324
https://www.redbus.in/bus-tickets/guwahati-to-tezpur,Guwahati to Tezpur,Chartered Bus - ASTC,Volvo A/C Seater PushbA/Ck 2+2,07:30,04h 00m,11:30,4.7,20 Seats available,432.06
https://www.redbus.in/bus-tickets/guwahati-to-tezpur,Guwahati to Tezpur,NEELKANTH TRAVELS,A/C Seater Push BA/Ck (2+2),09:05,05h 25m,14:30,4.9,38 Seats available,300
https://www.redbus.in/bus-tickets/guwahati-to-tezpur,Guwahati to Tezpur,MAA Anada (UNDER ASTC),A/C Seater (2+2),09:30,05h 15m,14:45,3.4,32 Seats available,328.5
https://www.redbus.in/bus-tickets/guwahati-to-tezpur,Guwahati to Tezpur,Mahi Travels(Under ASTC),A/C Seater (2+2),10:00,05h 00m,15:00,4.2,27 Seats available,341
https://www.redbus.in/bus-tickets/guwahati-to-tezpur,Guwahati to Tezpur,Sparrow Travels (Under ASTC),A/C Seater Push BA/Ck (2+2),10:45,05h 15m,16:00,3.7,40 Seats available,330
https://www.redbus.in/bus-tickets/guwahati-to-tezpur,Guwahati to Tezpur,Orient Transline,A/C Seater (2+1),11:30,04h 00m,15:30,4.1,19 Seats available,380.95
https://www.redbus.in/bus-tickets/guwahati-to-tezpur,Guwahati to Tezpur,Orient Transline,NON AC Seater (2+1),12:15,05h 20m,17:35,4.3,24 Seats available,300
https://www.redbus.in/bus-tickets/guwahati-to-tezpur,Guwahati to Tezpur,Orient Transline,A/C Seater (2+1),13:00,04h 30m,17:30,4.0,23 Seats available,380.95
https://www.redbus.in/bus-tickets/guwahati-to-tezpur,Guwahati to Tezpur,Mahi Travels(Under ASTC),A/C Seater (2+2),14:15,03h 35m,17:50,4.4,29 Seats available,369
https://www.redbus.in/bus-tickets/guwahati-to-tezpur,Guwahati to Tezpur,WARISPIYA TRAVELS,A/C Seater (2+2),15:00,03h 40m,18:40,4.5,35 Seats available,360
https://www.redbus.in/bus-tickets/guwahati-to-tezpur,Guwahati to Tezpur,WARISPIYA TRAVELS,A/C Seater (2+2),15:35,03h 40m,19:15,4.1,37 Seats available,360
https://www.redbus.in/bus-tickets/guwahati-to-tezpur,Guwahati to Tezpur,WARISPIYA TRAVELS,Bharat Benz A/C Seater (2+2),16:15,03h 25m,19:40,4.1,33 Seats available,360
https://www.redbus.in/bus-tickets/guwahati-to-tezpur,Guwahati to Tezpur,Yatra Travels,NON AC Seater/ Sleeper (2+1),18:00,05h 30m,23:30,3.3,38 Seats available,400
https://www.redbus.in/bus-tickets/guwahati-to-tezpur,Guwahati to Tezpur,Yatra Travels,NON AC Seater/ Sleeper (2+1),20:00,04h 00m,00:00,3.6,41 Seats available,400
https://www.redbus.in/bus-tickets/guwahati-to-tezpur,Guwahati to Tezpur,Pranjit Travels (Under ASTC),NON AC Seater (2+1),20:15,05h 00m,01:15,3.4,31 Seats available,450
https://www.redbus.in/bus-tickets/guwahati-to-tezpur,Guwahati to Tezpur,Pranjit Travels (Under ASTC),A/C Seater / Sleeper (2+1),20:45,05h 45m,02:30,3.4,36 Seats available,500
https://www.redbus.in/bus-tickets/guwahati-to-tezpur,Guwahati to Tezpur,Pranjit Travels (Under ASTC),NON AC Seater (2+1),21:15,04h 00m,01:15,3.5,23 Seats available,450
https://www.redbus.in/bus-tickets/guwahati-to-tezpur,Guwahati to Tezpur,Pranjit Travels (Under ASTC),NON AC Seater (2+1),21:45,04h 15m,02:00,3.9,36 Seats available,450
https://www.redbus.in/bus-tickets/guwahati-to-tezpur,Guwahati to Tezpur,Pranjit Travels (Under ASTC),NON AC Seater (2+1),07:45,05h 25m,13:10,2.8,25 Seats available,450
https://www.redbus.in/bus-tickets/guwahati-to-tezpur,Guwahati to Tezpur,Pranjit Travels (Under ASTC),A/C Seater (2+1),08:45,05h 15m,14:00,2.9,25 Seats available,500
https://www.redbus.in/bus-tickets/guwahati-to-tezpur,Guwahati to Tezpur,BLUE HILL TRAVELS INDIA LIMITED,NON AC Seater Semi Sleeper (2+1),09:30,03h 30m,13:00,2.3,31 Seats available,360
https://www.redbus.in/bus-tickets/guwahati-to-tezpur,Guwahati to Tezpur,NETWORK TRAVELS,NON AC Seater Push BA/Ck (2+2),09:30,06h 45m,16:15,1.8,11 Seats available,250
https://www.redbus.in/bus-tickets/guwahati-to-tezpur,Guwahati to Tezpur,Volenath,NON AC Seater (2+2),11:30,05h 00m,16:30,1.4,40 Seats available,280
https://www.redbus.in/bus-tickets/guwahati-to-tezpur,Guwahati to Tezpur,Upasana Travels (Under ASTC),A/C Seater (2+2),13:45,04h 15m,18:00,1.6,40 Seats available,330
https://www.redbus.in/bus-tickets/guwahati-to-tezpur,Guwahati to Tezpur,Mahalaxmi Travels,Tata A/C Seater (2+2),14:35,03h 55m,18:30,2.7,37 Seats available,300
https://www.redbus.in/bus-tickets/guwahati-to-tezpur,Guwahati to Tezpur,Kalpana Travels,NON AC Seater (2+2),16:45,03h 45m,20:30,2.9,35 Seats available,318
https://www.redbus.in/bus-tickets/guwahati-to-tezpur,Guwahati to Tezpur,NETWORK TRAVELS,Bharat Benz A/C Seater /Sleeper (2+1),17:00,05h 00m,22:00,2.0,44 Seats available,450
https://www.redbus.in/bus-tickets/guwahati-to-tezpur,Guwahati to Tezpur,Brindaban Travels,NON AC Seater (2+2),17:15,04h 00m,21:15,2.6,35 Seats available,375
https://www.redbus.in/bus-tickets/guwahati-to-tezpur,Guwahati to Tezpur,BLUE HILL TRAVELS INDIA LIMITED,NON AC Seater Semi Sleeper (2+1),20:00,05h 15m,01:15,0,31 Seats available,500
https://www.redbus.in/bus-tickets/guwahati-to-tezpur,Guwahati to Tezpur,Himalayan Travels,NON AC Seater (2+2),20:30,06h 00m,02:30,2.4,22 Seats available,450
https://www.redbus.in/bus-tickets/guwahati-to-tezpur,Guwahati to Tezpur,BLUE HILL TRAVELS INDIA LIMITED,NON AC Seater Semi Sleeper (2+1),20:30,05h 15m,01:45,3.1,31 Seats available,500
https://www.redbus.in/bus-tickets/guwahati-to-tezpur,Guwahati to Tezpur,KIRAN TRAVELS,A/C Seater (2+1),20:40,03h 50m,00:30,4.1,14 Seats available,540
https://www.redbus.in/bus-tickets/guwahati-to-tezpur,Guwahati to Tezpur,Pranjit Travels (Under ASTC),Bharat Benz A/C Seater (2+1),21:30,05h 00m,02:30,3.8,24 Seats available,550
https://www.redbus.in/bus-tickets/nagaon-to-guwahati,Nagaon (Assam) to Guwahati,Assam State Transport Corporation (ASTC) - 145920,Bharat Benz A/C Seater (2+2),07:20,02h 40m,10:00,4.4,19 Seats available,191
https://www.redbus.in/bus-tickets/nagaon-to-guwahati,Nagaon (Assam) to Guwahati,Assam State Transport Corporation (ASTC) - 146078,Bharat Benz A/C Seater (2+2),08:15,02h 45m,11:00,3.5,8 Seats available,191
https://www.redbus.in/bus-tickets/nagaon-to-guwahati,Nagaon (Assam) to Guwahati,Assam State Transport Corporation (ASTC) - 154175,NON AC Seater Push BA/Ck (2+1),12:30,03h 30m,16:00,4.1,12 Seats available,164
https://www.redbus.in/bus-tickets/nagaon-to-guwahati,Nagaon (Assam) to Guwahati,MAA Anada (UNDER ASTC),A/C Seater (2+2),06:25,02h 05m,08:30,0,26 Seats available,247.5
https://www.redbus.in/bus-tickets/nagaon-to-guwahati,Nagaon (Assam) to Guwahati,NEELKANTH TRAVELS,A/C Seater Push BA/Ck (2+2),06:25,02h 05m,08:30,4.2,35 Seats available,250
https://www.redbus.in/bus-tickets/nagaon-to-guwahati,Nagaon (Assam) to Guwahati,Kareng Travels,NON AC Seater (2+2),07:15,02h 15m,09:30,3.1,1 Seat available,278
https://www.redbus.in/bus-tickets/nagaon-to-guwahati,Nagaon (Assam) to Guwahati,Orient Transline,NON AC Seater (2+1),07:25,01h 55m,09:20,3.5,26 Seats available,285.71
https://www.redbus.in/bus-tickets/nagaon-to-guwahati,Nagaon (Assam) to Guwahati,Orient Transline,A/C Seater (2+1),08:00,02h 25m,10:25,4.3,23 Seats available,333.33
https://www.redbus.in/bus-tickets/nagaon-to-guwahati,Nagaon (Assam) to Guwahati,Orient Transline,A/C Seater (2+1),08:50,02h 05m,10:55,4.8,25 Seats available,333.33
https://www.redbus.in/bus-tickets/nagaon-to-guwahati,Nagaon (Assam) to Guwahati,Mahi Travels(Under ASTC),A/C Seater (2+2),09:10,02h 20m,11:30,4.7,2 Seats available,293
https://www.redbus.in/bus-tickets/nagaon-to-guwahati,Nagaon (Assam) to Guwahati,Anindita Travels,NON AC Seater (2+1),09:15,02h 15m,11:30,3.6,26 Seats available,450
https://www.redbus.in/bus-tickets/nagaon-to-guwahati,Nagaon (Assam) to Guwahati,Mahalaxmi Travels,Tata A/C Seater (2+2),11:10,02h 50m,14:00,3.4,34 Seats available,250
https://www.redbus.in/bus-tickets/nagaon-to-guwahati,Nagaon (Assam) to Guwahati,Pranjit Travels (Under ASTC),NON AC Seater (2+1),11:55,03h 05m,15:00,3.7,36 Seats available,400
https://www.redbus.in/bus-tickets/nagaon-to-guwahati,Nagaon (Assam) to Guwahati,Deep Travels,NON AC Seater (2+1),13:00,03h 00m,16:00,4.2,28 Seats available,250
https://www.redbus.in/bus-tickets/nagaon-to-guwahati,Nagaon (Assam) to Guwahati,Kareng Travels,Bharat Benz A/C Seater (2+1),13:15,02h 45m,16:00,3.3,3 Seats available,285
https://www.redbus.in/bus-tickets/nagaon-to-guwahati,Nagaon (Assam) to Guwahati,Baikuntha Transport Service,A/C Seater (2+1),14:00,03h 00m,17:00,4.2,15 Seats available,450
https://www.redbus.in/bus-tickets/nagaon-to-guwahati,Nagaon (Assam) to Guwahati,Kareng Travels,NON AC Seater (2+1),14:15,02h 15m,16:30,4.7,16 Seats available,285
https://www.redbus.in/bus-tickets/nagaon-to-guwahati,Nagaon (Assam) to Guwahati,Chartered Bus - ASTC,Volvo A/C Seater PushbA/Ck 2+2,14:30,02h 30m,17:00,4.3,41 Seats available,324.04
https://www.redbus.in/bus-tickets/nagaon-to-guwahati,Nagaon (Assam) to Guwahati,Chartered Bus - ASTC,Volvo A/C Seater PushbA/Ck 2+2,17:00,02h 15m,19:15,1.4,32 Seats available,324.04
https://www.redbus.in/bus-tickets/nagaon-to-guwahati,Nagaon (Assam) to Guwahati,TRINAYAN TRANSPORT (Under ASTC),A/C Seater (2+1),11:45,02h 45m,14:30,2.8,17 Seats available,398
https://www.redbus.in/bus-tickets/nagaon-to-guwahati,Nagaon (Assam) to Guwahati,Christina Travels,NON AC Seater (2+2),16:00,02h 20m,18:20,4.0,36 Seats available,650
https://www.redbus.in/bus-tickets/guwahati-to-nagaon,Guwahati to Nagaon (Assam),Assam State Transport Corporation (ASTC) - 170668,Bharat Benz A/C Seater (2+2),06:30,02h 30m,09:00,3.8,24 Seats available,191
https://www.redbus.in/bus-tickets/guwahati-to-nagaon,Guwahati to Nagaon (Assam),Assam State Transport Corporation (ASTC) - 154910,Bharat Benz A/C Seater (2+2),10:30,02h 30m,13:00,4.1,8 Seats available,191
https://www.redbus.in/bus-tickets/guwahati-to-nagaon,Guwahati to Nagaon (Assam),Assam State Transport Corporation (ASTC) - 146146,Bharat Benz A/C Seater (2+2),13:00,03h 00m,16:00,3.8,32 Seats available,191
https://www.redbus.in/bus-tickets/guwahati-to-nagaon,Guwahati to Nagaon (Assam),Assam State Transport Corporation (ASTC) - 146079,Bharat Benz A/C Seater (2+2),15:00,03h 00m,18:00,4.0,35 Seats available,191
https://www.redbus.in/bus-tickets/guwahati-to-nagaon,Guwahati to Nagaon (Assam),Assam State Transport Corporation (ASTC) - 174839,Bharat Benz A/C Seater (2+2),15:15,02h 25m,17:40,4.4,34 Seats available,191
https://www.redbus.in/bus-tickets/guwahati-to-nagaon,Guwahati to Nagaon (Assam),Kareng Travels,NON AC Seater (2+1),05:00,02h 30m,07:30,4.7,14 Seats available,278
https://www.redbus.in/bus-tickets/guwahati-to-nagaon,Guwahati to Nagaon (Assam),Chartered Bus - ASTC,Volvo A/C Seater PushbA/Ck 2+2,06:15,03h 00m,09:15,4.7,21 Seats available,324.04
https://www.redbus.in/bus-tickets/guwahati-to-nagaon,Guwahati to Nagaon (Assam),Chartered Bus - ASTC,Volvo A/C Seater PushbA/Ck 2+2,07:30,02h 00m,09:30,4.4,20 Seats available,324.04
https://www.redbus.in/bus-tickets/guwahati-to-nagaon,Guwahati to Nagaon (Assam),Kareng Travels,NON AC Seater Push BA/Ck (2+2),08:00,03h 15m,11:15,0,41 Seats available,238
https://www.redbus.in/bus-tickets/guwahati-to-nagaon,Guwahati to Nagaon (Assam),NEELKANTH TRAVELS,A/C Seater Push BA/Ck (2+2),09:05,02h 55m,12:00,4.3,38 Seats available,250
https://www.redbus.in/bus-tickets/guwahati-to-nagaon,Guwahati to Nagaon (Assam),Kareng Travels,A/C Seater (2+1),09:30,03h 30m,13:00,4.4,5 Seats available,285
https://www.redbus.in/bus-tickets/guwahati-to-nagaon,Guwahati to Nagaon (Assam),Kareng Travels,NON AC Seater (2+2),11:45,03h 00m,14:45,4.3,26 Seats available,266
https://www.redbus.in/bus-tickets/guwahati-to-nagaon,Guwahati to Nagaon (Assam),Orient Transline,NON AC Seater (2+1),12:15,03h 15m,15:30,4.5,35 Seats available,285.71
https://www.redbus.in/bus-tickets/guwahati-to-nagaon,Guwahati to Nagaon (Assam),Orient Transline,A/C Seater (2+1),13:00,02h 45m,15:45,4.0,25 Seats available,333.33
https://www.redbus.in/bus-tickets/guwahati-to-nagaon,Guwahati to Nagaon (Assam),Mahi Travels(Under ASTC),A/C Seater (2+2),14:15,02h 00m,16:15,3.7,37 Seats available,312
https://www.redbus.in/bus-tickets/guwahati-to-nagaon,Guwahati to Nagaon (Assam),Deep Travels,NON AC Seater (2+1),07:30,02h 30m,10:00,3.5,24 Seats available,250
https://www.redbus.in/bus-tickets/guwahati-to-nagaon,Guwahati to Nagaon (Assam),MAA Anada (UNDER ASTC),A/C Seater (2+2),09:30,03h 30m,13:00,3.4,32 Seats available,247.5
https://www.redbus.in/bus-tickets/guwahati-to-nagaon,Guwahati to Nagaon (Assam),Mahi Travels(Under ASTC),A/C Seater (2+2),10:00,03h 30m,13:30,3.6,38 Seats available,341
https://www.redbus.in/bus-tickets/guwahati-to-nagaon,Guwahati to Nagaon (Assam),Orient Transline,A/C Seater (2+1),11:30,02h 55m,14:25,3.6,19 Seats available,285.71
https://www.redbus.in/bus-tickets/guwahati-to-nagaon,Guwahati to Nagaon (Assam),Mahalaxmi Travels,Tata A/C Seater (2+2),14:40,02h 00m,16:40,2.9,40 Seats available,230
https://www.redbus.in/bus-tickets/guwahati-to-nagaon,Guwahati to Nagaon (Assam),TRINAYAN TRANSPORT (Under ASTC),A/C Seater (2+1),08:00,03h 30m,11:30,2.9,26 Seats available,444
https://www.redbus.in/bus-tickets/guwahati-to-nagaon,Guwahati to Nagaon (Assam),Baikuntha Transport Service,Bharat Benz A/C Seater (2+1),08:00,03h 30m,11:30,2.9,25 Seats available,395
https://www.redbus.in/bus-tickets/guwahati-to-nagaon,Guwahati to Nagaon (Assam),Anindita Travels,NON AC Seater (2+1),12:30,03h 15m,15:45,3.6,37 Seats available,400
https://www.redbus.in/bus-tickets/goalpara-to-guwahati,Goalpara to Guwahati,Assam State Transport Corporation (ASTC) - 173642,NON AC Seater 2+2,06:10,04h 00m,10:10,2.3,16 Seats available,164
https://www.redbus.in/bus-tickets/goalpara-to-guwahati,Goalpara to Guwahati,Balaji Tours And Travels,NON AC Seater (2+2),10:45,04h 00m,14:45,2.3,33 Seats available,162
https://www.redbus.in/bus-tickets/goalpara-to-guwahati,Goalpara to Guwahati,Balaji Tours And Travels,NON AC Seater Push BA/Ck (2+2),11:15,04h 20m,15:35,2.3,41 Seats available,162
https://www.redbus.in/bus-tickets/goalpara-to-guwahati,Goalpara to Guwahati,Balaji Tours And Travels,NON AC Seater (2+2),12:00,04h 20m,16:20,2.3,33 Seats available,162
https://www.redbus.in/bus-tickets/goalpara-to-guwahati,Goalpara to Guwahati,Balaji Tours And Travels,NON AC Seater (2+2),12:15,04h 15m,16:30,3.0,33 Seats available,162
https://www.redbus.in/bus-tickets/jorhat-to-north-lakhimpur,Jorhat to North Lakhimpur,Priyanka,NON AC Seater (2+1),19:00,10h 30m,05:30,2.8,26 Seats available,600
https://www.redbus.in/bus-tickets/jorhat-to-north-lakhimpur,Jorhat to North Lakhimpur,Padmanav Travels,NON AC Seater Push BA/Ck (2+2),06:00,07h 45m,13:45,4.1,28 Seats available,590
https://www.redbus.in/bus-tickets/dhubri-to-guwahati,Dhubri to Guwahati,Assam State Transport Corporation (ASTC) - 150573,Bharat Benz A/C Seater (2+2),05:00,06h 00m,11:00,2.8,26 Seats available,410
https://www.redbus.in/bus-tickets/dhubri-to-guwahati,Dhubri to Guwahati,Yatra,NON AC Seater (2+2),20:15,07h 15m,03:30,1.5,40 Seats available,350
https://www.redbus.in/bus-tickets/dhubri-to-guwahati,Dhubri to Guwahati,Yatra,NON AC Seater (2+2),11:15,07h 30m,18:45,0,41 Seats available,300
https://www.redbus.in/bus-tickets/dhubri-to-guwahati,Dhubri to Guwahati,Maa monosha travels,NON AC Seater (2+2),06:45,07h 00m,13:45,0,40 Seats available,350
https://www.redbus.in/bus-tickets/dhubri-to-guwahati,Dhubri to Guwahati,Maa monosha travels,NON AC Seater (2+2),06:15,07h 00m,13:15,0,39 Seats available,350
https://www.redbus.in/bus-tickets/dhubri-to-guwahati,Dhubri to Guwahati,MAA MONOSHA TRAVELS,NON AC Seater (2+1),20:00,07h 30m,03:30,1.7,38 Seats available,350
https://www.redbus.in/bus-tickets/dhubri-to-guwahati,Dhubri to Guwahati,Arifa Travels,NON AC Seater (2+2),05:30,05h 30m,11:00,1.3,44 Seats available,300
https://www.redbus.in/bus-tickets/dhubri-to-guwahati,Dhubri to Guwahati,Arifa Travels,A/C Seater (2+2),06:30,06h 30m,13:00,2.5,40 Seats available,350
https://www.redbus.in/bus-tickets/dhubri-to-guwahati,Dhubri to Guwahati,Yatra,NON AC Seater (2+2),13:15,07h 15m,20:30,1.4,40 Seats available,300
https://www.redbus.in/bus-tickets/dhubri-to-guwahati,Dhubri to Guwahati,Arifa Travels,NON AC Seater (2+2),06:40,06h 50m,13:30,3.8,44 Seats available,300
https://www.redbus.in/bus-tickets/guwahati-to-dhubri,Guwahati to Dhubri,Assam State Transport Corporation (ASTC) - 150574,Bharat Benz A/C Seater (2+2),12:00,07h 00m,19:00,2.6,29 Seats available,410
https://www.redbus.in/bus-tickets/guwahati-to-dhubri,Guwahati to Dhubri,Yatra,NON AC Seater (2+2),08:15,07h 15m,15:30,0,40 Seats available,350
https://www.redbus.in/bus-tickets/guwahati-to-dhubri,Guwahati to Dhubri,Maa monosha travels,NON AC Seater (2+2),14:00,07h 30m,21:30,0,40 Seats available,350
https://www.redbus.in/bus-tickets/guwahati-to-dhubri,Guwahati to Dhubri,Maa monosha travels,NON AC Seater (2+2),14:30,07h 30m,22:00,0,40 Seats available,350
https://www.redbus.in/bus-tickets/guwahati-to-dhubri,Guwahati to Dhubri,MAA MONOSHA TRAVELS,NON AC Seater (2+1),10:00,07h 30m,17:30,1.1,33 Seats available,350
https://www.redbus.in/bus-tickets/guwahati-to-dhubri,Guwahati to Dhubri,Yatra,NON AC Seater (2+2),06:30,06h 15m,12:45,1.9,41 Seats available,300
https://www.redbus.in/bus-tickets/north-lakhimpur-to-sibsagar,North Lakhimpur to Sibsagar,Assam State Transport Corporation (ASTC) - 173044,NON AC Seater (2+2),13:00,03h 30m,16:30,3.3,21 Seats available,220
https://www.redbus.in/bus-tickets/north-lakhimpur-to-sibsagar,North Lakhimpur to Sibsagar,Sylvan DEE Transport,NON AC Seater (2+1),17:30,12h 00m,05:30,2.7,10 Seats available,640
https://www.redbus.in/bus-tickets/north-lakhimpur-to-jorhat,North Lakhimpur to Jorhat,Padmanav Travels,NON AC Seater Push BA/Ck (2+2),05:30,08h 05m,13:35,2.7,37 Seats available,590
https://www.redbus.in/bus-tickets/north-lakhimpur-to-jorhat,North Lakhimpur to Jorhat,Sylvan DEE Transport,NON AC Seater (2+1),17:30,11h 00m,04:30,3.6,10 Seats available,530
https://www.redbus.in/bus-tickets/dhekiajuli-to-guwahati,Dhekiajuli to Guwahati,Assam State Transport Corporation (ASTC) - 147480,Bharat Benz A/C Seater (2+2),05:55,03h 05m,09:00,3.7,7 Seats available,213
https://www.redbus.in/bus-tickets/dhekiajuli-to-guwahati,Dhekiajuli to Guwahati,Sparrow Travels (Under ASTC),A/C Seater Push BA/Ck (2+2),06:00,03h 30m,09:30,1.5,39 Seats available,290
https://www.redbus.in/bus-tickets/dhekiajuli-to-guwahati,Dhekiajuli to Guwahati,Volenath,NON AC Seater (2+2),06:50,04h 10m,11:00,4.3,26 Seats available,190
https://www.redbus.in/bus-tickets/jorhat-to-dibrugarh,Jorhat to Dibrugarh,Assam State Transport Corporation (ASTC) - 166131,Bharat Benz A/C Seater (2+2),07:20,04h 20m,11:40,3.7,13 Seats available,207
https://www.redbus.in/bus-tickets/jorhat-to-dibrugarh,Jorhat to Dibrugarh,NETWORK TRAVELS,NON AC Seater Push BA/Ck (2+1),04:01,04h 29m,08:30,4.2,4 Seats available,300
https://www.redbus.in/bus-tickets/jorhat-to-dibrugarh,Jorhat to Dibrugarh,Basudev Transline,A/C Seater (2+2),10:00,04h 10m,14:10,3.6,27 Seats available,284
https://www.redbus.in/bus-tickets/jorhat-to-dibrugarh,Jorhat to Dibrugarh,Aniruddha Travels,A/C Seater (2+2),11:45,04h 30m,16:15,3.7,44 Seats available,450
https://www.redbus.in/bus-tickets/jorhat-to-dibrugarh,Jorhat to Dibrugarh,NETWORK TRAVELS,A/C Seater Push BA/Ck (2+2),12:15,03h 45m,16:00,3.8,17 Seats available,450
https://www.redbus.in/bus-tickets/jorhat-to-dibrugarh,Jorhat to Dibrugarh,Aroti Travels (Under ASTC),NON AC Seater (2+2),12:30,03h 50m,16:20,2.9,37 Seats available,250
https://www.redbus.in/bus-tickets/jorhat-to-dibrugarh,Jorhat to Dibrugarh,Baikuntha Transport Service,Bharat Benz A/C Sleeper (2+1),04:00,03h 15m,07:15,2.8,11 Seats available,404
https://www.redbus.in/bus-tickets/jorhat-to-dibrugarh,Jorhat to Dibrugarh,NEELAKANTHA (RIYA),Tempo Traveler NON AC,10:00,--,10:00,3.9,20 Seats available,250
https://www.redbus.in/bus-tickets/jorhat-to-dibrugarh,Jorhat to Dibrugarh,Christina Travels,NON AC Seater (2+2),12:30,04h 00m,16:30,4.0,33 Seats available,420
https://www.redbus.in/bus-tickets/jorhat-to-dibrugarh,Jorhat to Dibrugarh,MADHURIKA TRAVELS,A/C Seater (2+1),12:45,04h 15m,17:00,4.3,14 Seats available,509
https://www.redbus.in/bus-tickets/jorhat-to-dibrugarh,Jorhat to Dibrugarh,Chartered Bus - ASTC,Volvo A/C Seater PushbA/Ck 2+2,13:30,03h 45m,17:15,3.2,13 Seats available,647.8
https://www.redbus.in/bus-tickets/jorhat-to-dibrugarh,Jorhat to Dibrugarh,Bashudev Transline (Under ASTC),A/C Seater (2+1),14:10,03h 50m,18:00,3.5,13 Seats available,550
https://www.redbus.in/bus-tickets/sibsagar-to-north-lakhimpur,Sibsagar to North Lakhimpur,Assam State Transport Corporation (ASTC) - 173043,NON AC Seater (2+2),07:30,04h 00m,11:30,3.8,3 Seats available,220
https://www.redbus.in/bus-tickets/tezpur-to-dibrugarh,Tezpur to Dibrugarh,Assam State Transport Corporation (ASTC) - 96880,A/C Seater (2+1),08:00,08h 00m,16:00,3.9,5 Seats available,463
https://www.redbus.in/bus-tickets/tezpur-to-dibrugarh,Tezpur to Dibrugarh,Aniruddha Travels,NON AC Seater/ Sleeper (2+1),20:00,08h 00m,04:00,3.2,29 Seats available,550
https://www.redbus.in/bus-tickets/tezpur-to-dibrugarh,Tezpur to Dibrugarh,Aniruddha Travels,A/C Seater (2+2),07:50,08h 25m,16:15,2.4,10 Seats available,500
https://www.redbus.in/bus-tickets/tezpur-to-dibrugarh,Tezpur to Dibrugarh,Puja Transport,NON AC Seater / Sleeper 2+1,20:00,08h 30m,04:30,2.3,23 Seats available,550
https://www.redbus.in/bus-tickets/tezpur-to-dibrugarh,Tezpur to Dibrugarh,Puja Transport,NON AC Seater (2+2),20:00,09h 00m,05:00,2.5,27 Seats available,550
https://www.redbus.in/bus-tickets/tezpur-to-dibrugarh,Tezpur to Dibrugarh,J.S. Travels,NON AC Seater (2+1),21:00,07h 00m,04:00,2.0,29 Seats available,550
https://www.redbus.in/bus-tickets/tezpur-to-dibrugarh,Tezpur to Dibrugarh,Maa Laxmi,NON AC Seater Push BA/Ck (2+1),23:00,06h 30m,05:30,2.0,26 Seats available,550
https://www.redbus.in/bus-tickets/tezpur-to-dibrugarh,Tezpur to Dibrugarh,Neha Travels,NON AC Seater (2+2),22:40,08h 20m,07:00,2.2,33 Seats available,650
https://www.redbus.in/bus-tickets/tezpur-to-dibrugarh,Tezpur to Dibrugarh,PIHU TRANSPORT,Bharat Benz NON AC Seater / Sleeper (2+1),19:45,08h 15m,04:00,2.6,36 Seats available,470
https://www.redbus.in/bus-tickets/tezpur-to-dibrugarh,Tezpur to Dibrugarh,MOON TRAVELS,A/C Seater (2+2),07:15,08h 05m,15:20,3.8,19 Seats available,523
https://www.redbus.in/bus-tickets/tezpur-to-dibrugarh,Tezpur to Dibrugarh,Neha Travels,NON AC Seater (2+2),22:40,05h 50m,04:30,4.0,18 Seats available,650
https://www.redbus.in/bus-tickets/haflong-to-guwahati,Haflong to Guwahati,Assam State Transport Corporation (ASTC) - 154175,NON AC Seater Push BA/Ck (2+1),07:00,09h 00m,16:00,4.0,10 Seats available,523
https://www.redbus.in/bus-tickets/haflong-to-guwahati,Haflong to Guwahati,Deep Travels,NON AC Seater (2+1),07:30,08h 30m,16:00,4.5,23 Seats available,650
https://www.redbus.in/bus-tickets/haflong-to-guwahati,Haflong to Guwahati,Deep Travels,NON AC Seater (2+1),17:45,10h 45m,04:30,0,29 Seats available,650
https://www.redbus.in/bus-tickets/haflong-to-guwahati,Haflong to Guwahati,NETWORK TRAVELS,NON AC Seater (2+1),18:00,10h 00m,04:00,0,19 Seats available,700
https://www.redbus.in/bus-tickets/north-lakhimpur-to-dibrugarh,North Lakhimpur to Dibrugarh,BARBIE TRAVELS,NON AC Hi-Tech Push BA/Ck (2+2),06:00,04h 20m,10:20,1.8,40 Seats available,240
https://www.redbus.in/bus-tickets/north-lakhimpur-to-dibrugarh,North Lakhimpur to Dibrugarh,BARBIE TRAVELS,NON AC Hi-Tech Push BA/Ck (2+2),07:55,04h 35m,12:30,1.8,40 Seats available,240
https://www.redbus.in/bus-tickets/north-lakhimpur-to-dibrugarh,North Lakhimpur to Dibrugarh,Maa Jagadamba,NON AC Seater (2+3),09:20,04h 10m,13:30,0,39 Seats available,250
https://www.redbus.in/bus-tickets/north-lakhimpur-to-dibrugarh,North Lakhimpur to Dibrugarh,Maa Jagadamba,A/C Seater Push BA/Ck (2+2),09:40,03h 20m,13:00,3.0,41 Seats available,260
https://www.redbus.in/bus-tickets/north-lakhimpur-to-dibrugarh,North Lakhimpur to Dibrugarh,BARBIE TRAVELS,A/C Seater Push BA/Ck (2+2),10:20,03h 20m,13:40,3.8,40 Seats available,400
https://www.redbus.in/bus-tickets/north-lakhimpur-to-dibrugarh,North Lakhimpur to Dibrugarh,Air Bus Travels,NON AC Seater / Sleeper 2+1,21:00,06h 00m,03:00,4.4,40 Seats available,400
https://www.redbus.in/bus-tickets/jorhat-to-tinsukia,Jorhat to Tinsukia,Assam State Transport Corporation (ASTC) - 166131,Bharat Benz A/C Seater (2+2),07:20,06h 10m,13:30,3.6,14 Seats available,281
https://www.redbus.in/bus-tickets/jorhat-to-tinsukia,Jorhat to Tinsukia,Assam State Transport Corporation (ASTC) - 139495,NON AC Seater Push BA/Ck (2+1),09:15,05h 45m,15:00,4.6,15 Seats available,247
https://www.redbus.in/bus-tickets/jorhat-to-tinsukia,Jorhat to Tinsukia,Aniruddha Travels,A/C Seater (2+2),11:45,05h 45m,17:30,2.6,14 Seats available,450
https://www.redbus.in/bus-tickets/jorhat-to-tinsukia,Jorhat to Tinsukia,Chartered Bus - ASTC,Volvo A/C Seater PushbA/Ck 2+2,13:30,05h 00m,18:30,2.6,15 Seats available,756.25
https://www.redbus.in/bus-tickets/jorhat-to-tinsukia,Jorhat to Tinsukia,NETWORK TRAVELS,NON AC Seater / Sleeper (2+1),00:30,05h 00m,05:30,2.0,6 Seats available,350
https://www.redbus.in/bus-tickets/jorhat-to-tinsukia,Jorhat to Tinsukia,NETWORK TRAVELS,NON AC Seater Push BA/Ck (2+1),04:01,05h 29m,09:30,2.2,1 Seat available,300
https://www.redbus.in/bus-tickets/jorhat-to-tinsukia,Jorhat to Tinsukia,Christina Travels,NON AC Seater (2+2),12:30,05h 30m,18:00,3.3,31 Seats available,450
https://www.redbus.in/bus-tickets/jorhat-to-tinsukia,Jorhat to Tinsukia,MADHURIKA TRAVELS,A/C Seater (2+1),12:45,05h 15m,18:00,4.0,9 Seats available,555
https://www.redbus.in/bus-tickets/dibrugarh-to-tezpur,Dibrugarh to Tezpur,Assam State Transport Corporation (ASTC) - 163953,NON AC Seater Push BA/Ck (2+1),08:30,07h 30m,16:00,4.1,8 Seats available,400
https://www.redbus.in/bus-tickets/dibrugarh-to-tezpur,Dibrugarh to Tezpur,Puja Transport,NON AC Seater / Sleeper 2+1,20:00,09h 00m,05:00,3.0,2 Seats available,550
https://www.redbus.in/bus-tickets/dibrugarh-to-tezpur,Dibrugarh to Tezpur,Aniruddha Travels,A/C Seater (2+2),07:30,08h 05m,15:35,2.8,10 Seats available,500
https://www.redbus.in/bus-tickets/dibrugarh-to-tezpur,Dibrugarh to Tezpur,Aniruddha Travels,NON AC Seater/ Sleeper (2+1),20:00,08h 00m,04:00,2.7,13 Seats available,550
https://www.redbus.in/bus-tickets/dibrugarh-to-tezpur,Dibrugarh to Tezpur,PIHU TRANSPORT,Bharat Benz NON AC Seater / Sleeper (2+1),19:50,08h 40m,04:30,2.9,14 Seats available,470
https://www.redbus.in/bus-tickets/dibrugarh-to-tezpur,Dibrugarh to Tezpur,J.S. Travels,NON AC Seater (2+1),19:00,09h 00m,04:00,2.8,32 Seats available,500
https://www.redbus.in/bus-tickets/dibrugarh-to-tezpur,Dibrugarh to Tezpur,Puja Transport,NON AC Seater (2+2),19:15,08h 45m,04:00,1.0,31 Seats available,550
https://www.redbus.in/bus-tickets/dibrugarh-to-tezpur,Dibrugarh to Tezpur,Neha Travels,NON AC Seater (2+2),17:00,10h 15m,03:15,2.7,26 Seats available,650
https://www.redbus.in/bus-tickets/dibrugarh-to-tezpur,Dibrugarh to Tezpur,MOON TRAVELS,A/C Seater (2+2),09:10,07h 50m,17:00,4.7,34 Seats available,570
https://www.redbus.in/bus-tickets/dibrugarh-to-tezpur,Dibrugarh to Tezpur,Maa Laxmi,NON AC Seater Push BA/Ck (2+1),18:15,07h 45m,02:00,4.5,27 Seats available,550
https://www.redbus.in/bus-tickets/guwahati-to-biswanath-charali,Guwahati to Biswanath Charali,Assam State Transport Corporation (ASTC) - 173419,Bharat Benz A/C Seater (2+2),07:15,04h 35m,11:50,4.3,4 Seats available,412
https://www.redbus.in/bus-tickets/guwahati-to-biswanath-charali,Guwahati to Biswanath Charali,Karisma (Aziba),NON AC Seater (2+1),06:00,05h 50m,11:50,4.4,18 Seats available,400
https://www.redbus.in/bus-tickets/guwahati-to-biswanath-charali,Guwahati to Biswanath Charali,Yatra Travels,NON AC Seater (2+1),07:00,05h 40m,12:40,4.0,10 Seats available,450
https://www.redbus.in/bus-tickets/guwahati-to-biswanath-charali,Guwahati to Biswanath Charali,Chartered Bus - ASTC,A/C Seater Push BA/Ck (2+2),07:00,05h 00m,12:00,4.4,7 Seats available,648.23
https://www.redbus.in/bus-tickets/guwahati-to-biswanath-charali,Guwahati to Biswanath Charali,Pranjit Travels (Under ASTC),NON AC Seater (2+1),07:45,07h 15m,15:00,3.6,17 Seats available,500
https://www.redbus.in/bus-tickets/guwahati-to-biswanath-charali,Guwahati to Biswanath Charali,Pranjit Travels (Under ASTC),A/C Seater (2+1),08:45,06h 00m,14:45,3.0,25 Seats available,550
https://www.redbus.in/bus-tickets/guwahati-to-biswanath-charali,Guwahati to Biswanath Charali,BLUE HILL TRAVELS INDIA LIMITED,NON AC Seater Semi Sleeper (2+1),09:30,05h 30m,15:00,4.3,31 Seats available,410
https://www.redbus.in/bus-tickets/guwahati-to-biswanath-charali,Guwahati to Biswanath Charali,MAA Anada (UNDER ASTC),A/C Seater (2+2),09:30,06h 45m,16:15,4.1,32 Seats available,384.3
https://www.redbus.in/bus-tickets/guwahati-to-biswanath-charali,Guwahati to Biswanath Charali,Mahi Travels(Under ASTC),A/C Seater (2+2),10:00,06h 30m,16:30,3.9,26 Seats available,432
https://www.redbus.in/bus-tickets/guwahati-to-biswanath-charali,Guwahati to Biswanath Charali,Orient Transline,A/C Seater (2+1),11:30,05h 10m,16:40,3.7,19 Seats available,476.19
https://www.redbus.in/bus-tickets/guwahati-to-biswanath-charali,Guwahati to Biswanath Charali,Orient Transline,NON AC Seater (2+1),12:15,07h 15m,19:30,4.5,24 Seats available,380.95
https://www.redbus.in/bus-tickets/guwahati-to-biswanath-charali,Guwahati to Biswanath Charali,Orient Transline,A/C Seater (2+1),13:00,06h 10m,19:10,4.5,23 Seats available,476.19
https://www.redbus.in/bus-tickets/guwahati-to-biswanath-charali,Guwahati to Biswanath Charali,Mahi Travels(Under ASTC),A/C Seater (2+2),14:15,05h 15m,19:30,4.0,30 Seats available,454
https://www.redbus.in/bus-tickets/guwahati-to-biswanath-charali,Guwahati to Biswanath Charali,Mahalaxmi Travels,Tata A/C Seater (2+2),14:35,05h 25m,20:00,3.8,40 Seats available,400
https://www.redbus.in/bus-tickets/guwahati-to-biswanath-charali,Guwahati to Biswanath Charali,Yatra Travels,NON AC Seater/ Sleeper (2+1),18:00,07h 30m,01:30,3.4,38 Seats available,450
https://www.redbus.in/bus-tickets/guwahati-to-biswanath-charali,Guwahati to Biswanath Charali,PARIJAT TRAVELS(UNDER ASTC),NON AC Seater (2+1),19:35,06h 25m,02:00,4.0,29 Seats available,500
https://www.redbus.in/bus-tickets/guwahati-to-biswanath-charali,Guwahati to Biswanath Charali,Yatra Travels,NON AC Seater/ Sleeper (2+1),20:00,05h 00m,01:00,3.3,29 Seats available,450
https://www.redbus.in/bus-tickets/guwahati-to-biswanath-charali,Guwahati to Biswanath Charali,Pranjit Travels (Under ASTC),NON AC Seater (2+1),20:15,05h 45m,02:00,4.1,29 Seats available,500
https://www.redbus.in/bus-tickets/guwahati-to-biswanath-charali,Guwahati to Biswanath Charali,Pranjit Travels (Under ASTC),A/C Seater / Sleeper (2+1),20:45,06h 45m,03:30,4.2,36 Seats available,550
https://www.redbus.in/bus-tickets/guwahati-to-biswanath-charali,Guwahati to Biswanath Charali,Maharathi Travels(UNDER ASTC),NON AC Seater (2+1),20:55,06h 35m,03:30,4.5,30 Seats available,400
https://www.redbus.in/bus-tickets/guwahati-to-biswanath-charali,Guwahati to Biswanath Charali,Pranjit Travels (Under ASTC),NON AC Seater (2+1),21:15,05h 45m,03:00,3.8,29 Seats available,500
https://www.redbus.in/bus-tickets/guwahati-to-biswanath-charali,Guwahati to Biswanath Charali,Pranjit Travels (Under ASTC),Bharat Benz A/C Seater (2+1),21:30,06h 15m,03:45,2.9,22 Seats available,550
https://www.redbus.in/bus-tickets/guwahati-to-biswanath-charali,Guwahati to Biswanath Charali,Pranjit Travels (Under ASTC),NON AC Seater (2+1),21:45,05h 15m,03:00,1.9,36 Seats available,500
https://www.redbus.in/bus-tickets/guwahati-to-biswanath-charali,Guwahati to Biswanath Charali,KIRAN TRAVELS,A/C Seater (2+1),07:05,05h 25m,12:30,2.2,9 Seats available,432
https://www.redbus.in/bus-tickets/guwahati-to-biswanath-charali,Guwahati to Biswanath Charali,BLUE HILL TRAVELS INDIA LIMITED,NON AC Seater Semi Sleeper (2+1),20:00,06h 00m,02:00,4.4,31 Seats available,550
https://www.redbus.in/bus-tickets/guwahati-to-biswanath-charali,Guwahati to Biswanath Charali,NORTH EAST TRAVELS(UNDER ASTC),NON AC Seater (2+1),20:15,06h 15m,02:30,3.6,26 Seats available,500
https://www.redbus.in/bus-tickets/guwahati-to-haflong,Guwahati to Haflong,NETWORK TRAVELS,NON AC Seater (2+1),18:30,12h 30m,07:00,3.6,22 Seats available,700
https://www.redbus.in/bus-tickets/guwahati-to-haflong,Guwahati to Haflong,Deep Travels,NON AC Seater (2+1),19:30,11h 00m,06:30,4.2,31 Seats available,650
https://www.redbus.in/bus-tickets/guwahati-to-haflong,Guwahati to Haflong,Deep Travels,NON AC Seater (2+1),07:30,09h 30m,17:00,4.2,24 Seats available,650
https://www.redbus.in/bus-tickets/dibrugarh-to-north-lakhimpur,Dibrugarh to North Lakhimpur,Assam State Transport Corporation (ASTC) - 174758,NON AC Seater Push BA/Ck (2+1),08:45,03h 30m,12:15,0,21 Seats available,200
https://www.redbus.in/bus-tickets/dibrugarh-to-north-lakhimpur,Dibrugarh to North Lakhimpur,Assam State Transport Corporation (ASTC) - 147556,Bharat Benz A/C Seater (2+2),12:30,03h 15m,15:45,0,34 Seats available,235.62
https://www.redbus.in/bus-tickets/dibrugarh-to-north-lakhimpur,Dibrugarh to North Lakhimpur,BARBIE TRAVELS,NON AC Hi-Tech Push BA/Ck (2+2),11:10,04h 20m,15:30,0,40 Seats available,240
https://www.redbus.in/bus-tickets/dibrugarh-to-north-lakhimpur,Dibrugarh to North Lakhimpur,BARBIE TRAVELS,NON AC Hi-Tech Push BA/Ck (2+2),13:30,05h 00m,18:30,2.7,40 Seats available,240
https://www.redbus.in/bus-tickets/dibrugarh-to-north-lakhimpur,Dibrugarh to North Lakhimpur,BARBIE TRAVELS,NON AC Hi-Tech Push BA/Ck (2+2),15:30,04h 00m,19:30,2.7,40 Seats available,240
https://www.redbus.in/bus-tickets/dibrugarh-to-north-lakhimpur,Dibrugarh to North Lakhimpur,Maa Jagadamba,NON AC Seater (2+3),15:40,03h 50m,19:30,2.4,39 Seats available,250
https://www.redbus.in/bus-tickets/dibrugarh-to-north-lakhimpur,Dibrugarh to North Lakhimpur,Maa Jagadamba,A/C Seater Push BA/Ck (2+2),16:15,03h 15m,19:30,2.3,41 Seats available,260
https://www.redbus.in/bus-tickets/dibrugarh-to-north-lakhimpur,Dibrugarh to North Lakhimpur,Air Bus Travels,NON AC Seater / Sleeper 2+1,19:40,05h 20m,01:00,2.0,43 Seats available,400
https://www.redbus.in/bus-tickets/dibrugarh-to-north-lakhimpur,Dibrugarh to North Lakhimpur,Air Bus Travels,NON AC Seater / Sleeper 2+1,21:15,04h 45m,02:00,3.9,46 Seats available,400
https://www.redbus.in/bus-tickets/nagaon-to-haflong,Nagaon (Assam) to Haflong,Deep Travels,NON AC Seater (2+1),10:00,07h 00m,17:00,3.9,25 Seats available,400
https://www.redbus.in/bus-tickets/tezpur-to-moran,Tezpur to Moran,Assam State Transport Corporation (ASTC) - 96880,A/C Seater (2+1),08:00,06h 45m,14:45,2.5,5 Seats available,405
https://www.redbus.in/bus-tickets/tezpur-to-moran,Tezpur to Moran,Aniruddha Travels,A/C Seater (2+2),07:50,07h 10m,15:00,1.9,10 Seats available,500
https://www.redbus.in/bus-tickets/tezpur-to-moran,Tezpur to Moran,PIHU TRANSPORT,Bharat Benz NON AC Seater / Sleeper (2+1),19:45,07h 15m,03:00,3.0,50 Seats available,520
https://www.redbus.in/bus-tickets/tezpur-to-moran,Tezpur to Moran,Neha Travels,NON AC Seater (2+2),22:40,05h 20m,04:00,2.7,35 Seats available,650
https://www.redbus.in/bus-tickets/tezpur-to-moran,Tezpur to Moran,MOON TRAVELS,A/C Seater (2+2),07:15,07h 00m,14:15,1.9,28 Seats available,475
https://www.redbus.in/bus-tickets/tezpur-to-moran,Tezpur to Moran,Maa Laxmi,NON AC Seater Push BA/Ck (2+1),23:00,06h 00m,05:00,3.7,4 Seats available,500
https://www.redbus.in/bus-tickets/tezpur-to-moran,Tezpur to Moran,Neha Travels,NON AC Seater (2+2),22:40,07h 20m,06:00,4.0,35 Seats available,650
https://www.redbus.in/bus-tickets/dibrugarh-to-jorhat,Dibrugarh to Jorhat,Assam State Transport Corporation (ASTC) - 166134,Bharat Benz A/C Seater (2+2),10:30,05h 00m,15:30,3.7,2 Seats available,207
https://www.redbus.in/bus-tickets/dibrugarh-to-jorhat,Dibrugarh to Jorhat,Bashudev Transline (Under ASTC),A/C Seater (2+1),06:45,03h 45m,10:30,4.9,19 Seats available,550
https://www.redbus.in/bus-tickets/dibrugarh-to-jorhat,Dibrugarh to Jorhat,NETWORK TRAVELS,A/C Seater Push BA/Ck (2+2),07:15,03h 15m,10:30,4.0,34 Seats available,450
https://www.redbus.in/bus-tickets/dibrugarh-to-jorhat,Dibrugarh to Jorhat,SHIVAM TRAVELS,Bharat Benz A/C Seater (2+1),07:30,03h 45m,11:15,4.5,8 Seats available,532
https://www.redbus.in/bus-tickets/dibrugarh-to-jorhat,Dibrugarh to Jorhat,RAYAN TRAVELS,Bharat Benz A/C Seater (2+1),07:30,03h 15m,10:45,3.5,6 Seats available,600
https://www.redbus.in/bus-tickets/dibrugarh-to-jorhat,Dibrugarh to Jorhat,Chartered Bus - ASTC,A/C Seater Push BA/Ck (2+2),08:00,03h 00m,11:00,3.6,7 Seats available,541.16
https://www.redbus.in/bus-tickets/dibrugarh-to-jorhat,Dibrugarh to Jorhat,Basudev Transline,A/C Seater (2+2),15:15,04h 25m,19:40,3.7,28 Seats available,284
https://www.redbus.in/bus-tickets/dibrugarh-to-jorhat,Dibrugarh to Jorhat,Trishul Transport Service,A/C Seater / Sleeper (2+1),19:15,03h 40m,22:55,3.4,48 Seats available,509
https://www.redbus.in/bus-tickets/dibrugarh-to-jorhat,Dibrugarh to Jorhat,Baikuntha Transport Service,Bharat Benz A/C Seater /Sleeper (2+1),19:30,03h 45m,23:15,2.7,46 Seats available,450
https://www.redbus.in/bus-tickets/dibrugarh-to-jorhat,Dibrugarh to Jorhat,Purple Wings CoA/Ches,A/C Seater / Sleeper (2+1),19:55,04h 05m,00:00,2.8,40 Seats available,540
https://www.redbus.in/bus-tickets/dibrugarh-to-jorhat,Dibrugarh to Jorhat,Aniruddha Travels,A/C Seater (2+2),07:30,03h 40m,11:10,2.7,10 Seats available,450
https://www.redbus.in/bus-tickets/dibrugarh-to-jorhat,Dibrugarh to Jorhat,Christina Travels,NON AC Seater (2+2),08:20,02h 55m,11:15,2.6,30 Seats available,650
https://www.redbus.in/bus-tickets/dibrugarh-to-jorhat,Dibrugarh to Jorhat,NEELAKANTHA (RIYA),Tempo Traveler NON AC,15:45,04h 15m,20:00,3.8,20 Seats available,250
https://www.redbus.in/bus-tickets/dibrugarh-to-jorhat,Dibrugarh to Jorhat,Maa Laxmi,NON AC Seater Push BA/Ck (2+1),18:15,03h 15m,21:30,2.9,34 Seats available,500
https://www.redbus.in/bus-tickets/dibrugarh-to-jorhat,Dibrugarh to Jorhat,Murugan RC Travels,NON AC Seater (2+1),18:55,28h 05m,23:00,2.4,34 Seats available,450
https://www.redbus.in/bus-tickets/guwahati-to-silchar,Guwahati to Silchar,Assam State Transport Corporation (ASTC) - 146022,NON AC Seater Push BA/Ck (2+1),17:45,11h 45m,05:30,2.0,24 Seats available,547
https://www.redbus.in/bus-tickets/guwahati-to-silchar,Guwahati to Silchar,RAYAN TRAVELS,NON AC Seater (2+1),18:30,10h 45m,05:15,2.7,25 Seats available,650
https://www.redbus.in/bus-tickets/guwahati-to-silchar,Guwahati to Silchar,Jagannath Travels and Tours Pvt. Ltd.,NON AC Seater Push BA/Ck (2+1),07:00,10h 30m,17:30,2.3,22 Seats available,700
https://www.redbus.in/bus-tickets/guwahati-to-silchar,Guwahati to Silchar,JAYSIKA,NON AC Seater (2+1),18:30,11h 30m,06:00,2.1,31 Seats available,650
https://www.redbus.in/bus-tickets/guwahati-to-silchar,Guwahati to Silchar,NETWORK TRAVELS,NON AC Seater Push BA/Ck (2+1),18:30,10h 30m,05:00,1.7,32 Seats available,550
https://www.redbus.in/bus-tickets/guwahati-to-silchar,Guwahati to Silchar,Capital Tours India Pvt. Ltd.,NON AC Seater (2+2),17:00,11h 00m,04:00,2.2,35 Seats available,600
https://www.redbus.in/bus-tickets/guwahati-to-silchar,Guwahati to Silchar,SEEMA TRAVELS,NON AC Seater / Sleeper 2+1,19:00,10h 00m,05:00,4.4,46 Seats available,650
https://www.redbus.in/bus-tickets/guwahati-to-silchar,Guwahati to Silchar,NETWORK TRAVELS,NON AC Seater/ Sleeper (2+1),18:30,10h 30m,05:00,4.3,50 Seats available,650
https://www.redbus.in/bus-tickets/guwahati-to-silchar,Guwahati to Silchar,NETWORK TRAVELS,NON AC Seater Push BA/Ck (2+1),18:30,11h 30m,06:00,3.3,32 Seats available,650
https://www.redbus.in/bus-tickets/guwahati-to-silchar,Guwahati to Silchar,Arhans Tour And Travels,NON AC Seater / Sleeper 2+1,19:00,10h 00m,05:00,4.0,47 Seats available,650
https://www.redbus.in/bus-tickets/haflong-to-nagaon,Haflong to Nagaon (Assam),Assam State Transport Corporation (ASTC) - 154175,NON AC Seater Push BA/Ck (2+1),07:00,05h 30m,12:30,4.5,14 Seats available,358
https://www.redbus.in/bus-tickets/north-lakhimpur-to-tezpur,North Lakhimpur to Tezpur,Assam State Transport Corporation (ASTC) - 170878,Bharat Benz A/C Seater (2+2),07:00,03h 35m,10:35,3.0,6 Seats available,333
https://www.redbus.in/bus-tickets/north-lakhimpur-to-tezpur,North Lakhimpur to Tezpur,Pranjit Travels (Under ASTC),NON AC Seater (2+1),05:45,05h 10m,10:55,2.0,37 Seats available,500
https://www.redbus.in/bus-tickets/north-lakhimpur-to-tezpur,North Lakhimpur to Tezpur,KIRAN TRAVELS,NON AC Seater (2+1),07:35,04h 25m,12:00,2.0,15 Seats available,450
https://www.redbus.in/bus-tickets/north-lakhimpur-to-tezpur,North Lakhimpur to Tezpur,Chartered Bus - ASTC,A/C Seater Push BA/Ck (2+2),07:45,03h 45m,11:30,2.5,13 Seats available,648.23
https://www.redbus.in/bus-tickets/north-lakhimpur-to-tezpur,North Lakhimpur to Tezpur,Sparrow Travels (Under ASTC),NON AC Seater (2+2),12:30,06h 15m,18:45,2.9,40 Seats available,350
https://www.redbus.in/bus-tickets/north-lakhimpur-to-tezpur,North Lakhimpur to Tezpur,Mahadev K.P.,Tata A/C Seater (2+2),05:00,05h 15m,10:15,1.0,41 Seats available,460
https://www.redbus.in/bus-tickets/north-lakhimpur-to-tezpur,North Lakhimpur to Tezpur,Mahadev K.P.,Tata A/C Seater (2+2),05:20,05h 10m,10:30,1.7,41 Seats available,460
https://www.redbus.in/bus-tickets/north-lakhimpur-to-tezpur,North Lakhimpur to Tezpur,Karisma Travels,NON AC Seater Push BA/Ck (2+2),05:35,04h 25m,10:00,2.4,37 Seats available,300
https://www.redbus.in/bus-tickets/north-lakhimpur-to-tezpur,North Lakhimpur to Tezpur,Pranjit Travels (Under ASTC),NON AC Seater (2+1),07:15,04h 15m,11:30,0,37 Seats available,450
https://www.redbus.in/bus-tickets/north-lakhimpur-to-tezpur,North Lakhimpur to Tezpur,Ruma Travels (Under ASTC),NON AC Seater (2+2),08:30,07h 00m,15:30,4.5,41 Seats available,350
https://www.redbus.in/bus-tickets/north-lakhimpur-to-tezpur,North Lakhimpur to Tezpur,PANKAJ TRAVELS,A/C Seater (2+1),08:30,03h 50m,12:20,3.8,14 Seats available,523
https://www.redbus.in/bus-tickets/north-lakhimpur-to-tezpur,North Lakhimpur to Tezpur,Debarath,A/C Seater Hi-Tech Push BA/Ck (2+2),10:00,05h 45m,15:45,3.8,40 Seats available,460
https://www.redbus.in/bus-tickets/north-lakhimpur-to-tezpur,North Lakhimpur to Tezpur,B.M. Travels (Swastidut) - Under ASTC,NON AC Seater (2+2),10:30,05h 50m,16:20,3.8,41 Seats available,350
https://www.redbus.in/bus-tickets/north-lakhimpur-to-tezpur,North Lakhimpur to Tezpur,Mayur Travels (Under ASTC),NON AC Seater (2+2),12:15,05h 45m,18:00,3.9,43 Seats available,350
https://www.redbus.in/bus-tickets/north-lakhimpur-to-tezpur,North Lakhimpur to Tezpur,DESTINY TRAVELS,NON AC Seater (2+1),19:55,27h 50m,23:45,3.6,11 Seats available,409
https://www.redbus.in/bus-tickets/biswanath-charali-to-guwahati,Biswanath Charali to Guwahati,Assam State Transport Corporation (ASTC) - 170878,Bharat Benz A/C Seater (2+2),09:45,05h 30m,15:15,4.1,5 Seats available,412
https://www.redbus.in/bus-tickets/biswanath-charali-to-guwahati,Biswanath Charali to Guwahati,Pranjit Travels (Under ASTC),Bharat Benz A/C Seater (2+1),00:30,05h 45m,06:15,4.5,4 Seats available,610
https://www.redbus.in/bus-tickets/biswanath-charali-to-guwahati,Biswanath Charali to Guwahati,PARIJAT TRAVELS(UNDER ASTC),NON AC Seater (2+1),00:30,06h 00m,06:30,3.0,4 Seats available,500
https://www.redbus.in/bus-tickets/biswanath-charali-to-guwahati,Biswanath Charali to Guwahati,Pranjit Travels (Under ASTC),A/C Seater / Sleeper (2+1),00:45,05h 15m,06:00,3.8,4 Seats available,550
https://www.redbus.in/bus-tickets/biswanath-charali-to-guwahati,Biswanath Charali to Guwahati,Orient Transline,NON AC Seater (2+1),04:40,04h 40m,09:20,3.5,26 Seats available,380.95
https://www.redbus.in/bus-tickets/biswanath-charali-to-guwahati,Biswanath Charali to Guwahati,Orient Transline,A/C Seater (2+1),05:20,05h 05m,10:25,4.5,21 Seats available,476.19
https://www.redbus.in/bus-tickets/biswanath-charali-to-guwahati,Biswanath Charali to Guwahati,Orient Transline,A/C Seater (2+1),06:10,04h 45m,10:55,4.3,23 Seats available,476.19
https://www.redbus.in/bus-tickets/biswanath-charali-to-guwahati,Biswanath Charali to Guwahati,Mahi Travels(Under ASTC),A/C Seater (2+2),06:30,05h 00m,11:30,4.5,3 Seats available,454
https://www.redbus.in/bus-tickets/biswanath-charali-to-guwahati,Biswanath Charali to Guwahati,Mahalaxmi Travels,Tata A/C Seater (2+2),08:10,05h 50m,14:00,3.8,33 Seats available,410
https://www.redbus.in/bus-tickets/biswanath-charali-to-guwahati,Biswanath Charali to Guwahati,Pranjit Travels (Under ASTC),NON AC Seater (2+1),09:00,06h 00m,15:00,3.8,22 Seats available,500
https://www.redbus.in/bus-tickets/biswanath-charali-to-guwahati,Biswanath Charali to Guwahati,Pranjit Travels (Under ASTC),NON AC Seater (2+1),10:45,06h 00m,16:45,3.8,20 Seats available,500
https://www.redbus.in/bus-tickets/biswanath-charali-to-guwahati,Biswanath Charali to Guwahati,Yatra Travels,NON AC Seater (2+1),10:45,06h 15m,17:00,2.8,10 Seats available,450
https://www.redbus.in/bus-tickets/biswanath-charali-to-guwahati,Biswanath Charali to Guwahati,KIRAN TRAVELS,NON AC Seater (2+1),11:00,06h 30m,17:30,2.6,14 Seats available,360
https://www.redbus.in/bus-tickets/biswanath-charali-to-guwahati,Biswanath Charali to Guwahati,Chartered Bus - ASTC,A/C Seater Push BA/Ck (2+2),11:00,05h 15m,16:15,0,6 Seats available,648.23
https://www.redbus.in/bus-tickets/biswanath-charali-to-guwahati,Biswanath Charali to Guwahati,BLUE HILL TRAVELS INDIA LIMITED,NON AC Seater Semi Sleeper (2+1),21:30,06h 15m,03:45,0,23 Seats available,550
https://www.redbus.in/bus-tickets/biswanath-charali-to-guwahati,Biswanath Charali to Guwahati,Pranjit Travels (Under ASTC),NON AC Seater (2+1),23:15,06h 15m,05:30,2.2,37 Seats available,500
https://www.redbus.in/bus-tickets/biswanath-charali-to-guwahati,Biswanath Charali to Guwahati,Pranjit Travels (Under ASTC),NON AC Seater (2+1),23:45,05h 45m,05:30,2.8,10 Seats available,500
https://www.redbus.in/bus-tickets/biswanath-charali-to-guwahati,Biswanath Charali to Guwahati,MAA Anada (UNDER ASTC),A/C Seater (2+2),04:00,04h 30m,08:30,3.3,26 Seats available,427
https://www.redbus.in/bus-tickets/biswanath-charali-to-guwahati,Biswanath Charali to Guwahati,Karisma Travels,NON AC Seater Push BA/Ck (2+2),08:45,05h 30m,14:15,3.4,35 Seats available,350
https://www.redbus.in/bus-tickets/biswanath-charali-to-guwahati,Biswanath Charali to Guwahati,PANKAJ TRAVELS,A/C Seater (2+1),11:30,05h 30m,17:00,3.7,12 Seats available,475
https://www.redbus.in/bus-tickets/biswanath-charali-to-guwahati,Biswanath Charali to Guwahati,DESTINY TRAVELS,NON AC Seater (2+1),18:00,09h 45m,03:45,4.4,10 Seats available,428
https://www.redbus.in/bus-tickets/biswanath-charali-to-guwahati,Biswanath Charali to Guwahati,BLUE HILL TRAVELS INDIA LIMITED,NON AC Seater Semi Sleeper (2+1),20:00,07h 30m,03:30,4.5,21 Seats available,450
https://www.redbus.in/bus-tickets/biswanath-charali-to-guwahati,Biswanath Charali to Guwahati,BLUE HILL TRAVELS INDIA LIMITED,NON AC Seater Semi Sleeper (2+1),20:45,06h 45m,03:30,4.7,31 Seats available,530
https://www.redbus.in/bus-tickets/biswanath-charali-to-dibrugarh,Biswanath Charali to Dibrugarh,Air Bus Travels,NON AC Seater / Sleeper 2+1,18:30,07h 30m,02:00,2.7,39 Seats available,500
https://www.redbus.in/bus-tickets/tinsukia-to-jorhat,Tinsukia to Jorhat,Assam State Transport Corporation (ASTC) - 139496,NON AC Seater Push BA/Ck (2+1),08:25,05h 05m,13:30,4.2,29 Seats available,245
https://www.redbus.in/bus-tickets/tinsukia-to-jorhat,Tinsukia to Jorhat,Assam State Transport Corporation (ASTC) - 166134,Bharat Benz A/C Seater (2+2),09:00,06h 30m,15:30,3.6,4 Seats available,281
https://www.redbus.in/bus-tickets/tinsukia-to-jorhat,Tinsukia to Jorhat,Chartered Bus - ASTC,A/C Seater Push BA/Ck (2+2),06:45,04h 15m,11:00,2.1,7 Seats available,647.94
https://www.redbus.in/bus-tickets/tinsukia-to-jorhat,Tinsukia to Jorhat,NETWORK TRAVELS,NON AC Seater Push BA/Ck (2+1),19:00,05h 30m,00:30,2.8,35 Seats available,300
https://www.redbus.in/bus-tickets/tinsukia-to-jorhat,Tinsukia to Jorhat,MADHURIKA TRAVELS,A/C Seater (2+1),07:15,05h 15m,12:30,3.7,12 Seats available,601
https://www.redbus.in/bus-tickets/tinsukia-to-jorhat,Tinsukia to Jorhat,Purple Wings CoA/Ches,A/C Seater / Sleeper (2+1),18:30,05h 30m,00:00,4.2,42 Seats available,555
https://www.redbus.in/bus-tickets/tinsukia-to-jorhat,Tinsukia to Jorhat,NETWORK TRAVELS,NON AC Seater / Sleeper (2+1),17:00,06h 00m,23:00,3.7,47 Seats available,350
https://www.redbus.in/bus-tickets/tinsukia-to-jorhat,Tinsukia to Jorhat,Aniruddha Travels,A/C Seater (2+2),06:00,05h 10m,11:10,2.6,10 Seats available,450
https://www.redbus.in/bus-tickets/tinsukia-to-jorhat,Tinsukia to Jorhat,Maa Laxmi,NON AC Seater Push BA/Ck (2+1),16:30,05h 00m,21:30,2.7,34 Seats available,400
https://www.redbus.in/bus-tickets/tinsukia-to-jorhat,Tinsukia to Jorhat,Christina Travels,NON AC Seater (2+2),07:00,04h 15m,11:15,2.5,32 Seats available,650
https://www.redbus.in/bus-tickets/moran-to-tezpur,Moran to Tezpur,Assam State Transport Corporation (ASTC) - 163953,NON AC Seater Push BA/Ck (2+1),09:30,06h 30m,16:00,2.4,8 Seats available,349
https://www.redbus.in/bus-tickets/moran-to-tezpur,Moran to Tezpur,Aniruddha Travels,A/C Seater (2+2),08:25,07h 10m,15:35,3.6,10 Seats available,500
https://www.redbus.in/bus-tickets/moran-to-tezpur,Moran to Tezpur,Aniruddha Travels,NON AC Seater/ Sleeper (2+1),21:00,07h 00m,04:00,3.9,35 Seats available,550
https://www.redbus.in/bus-tickets/moran-to-tezpur,Moran to Tezpur,PIHU TRANSPORT,Bharat Benz NON AC Seater / Sleeper (2+1),20:45,07h 45m,04:30,4.1,24 Seats available,520
https://www.redbus.in/bus-tickets/moran-to-tezpur,Moran to Tezpur,Maa Laxmi,NON AC Seater Push BA/Ck (2+1),19:00,07h 00m,02:00,4.4,26 Seats available,500
https://www.redbus.in/bus-tickets/moran-to-tezpur,Moran to Tezpur,MOON TRAVELS,A/C Seater (2+2),10:30,06h 30m,17:00,4.3,36 Seats available,523
https://www.redbus.in/bus-tickets/moran-to-tezpur,Moran to Tezpur,Neha Travels,NON AC Seater (2+2),18:00,09h 15m,03:15,4.5,35 Seats available,650
https://www.redbus.in/bus-tickets/dibrugarh-to-biswanath-charali,Dibrugarh to Biswanath Charali,Assam State Transport Corporation (ASTC) - 174758,NON AC Seater Push BA/Ck (2+1),08:45,06h 15m,15:00,4.5,21 Seats available,390
https://www.redbus.in/bus-tickets/dibrugarh-to-biswanath-charali,Dibrugarh to Biswanath Charali,Air Bus Travels,NON AC Seater / Sleeper 2+1,19:40,09h 20m,05:00,4.6,42 Seats available,500
https://www.redbus.in/bus-tickets/gohpur-to-guwahati,Gohpur to Guwahati,Assam State Transport Corporation (ASTC) - 170878,Bharat Benz A/C Seater (2+2),08:30,06h 45m,15:15,4.4,5 Seats available,503
https://www.redbus.in/bus-tickets/gohpur-to-guwahati,Gohpur to Guwahati,Yatra Travels,NON AC Seater (2+1),09:00,08h 00m,17:00,0,4 Seats available,450
https://www.redbus.in/bus-tickets/gohpur-to-guwahati,Gohpur to Guwahati,Pranjit Travels (Under ASTC),NON AC Seater (2+1),08:00,07h 00m,15:00,0,22 Seats available,570
https://www.redbus.in/bus-tickets/gohpur-to-guwahati,Gohpur to Guwahati,KIRAN TRAVELS,A/C Seater (2+1),22:50,08h 40m,07:30,3.9,7 Seats available,540
https://www.redbus.in/bus-tickets/gohpur-to-guwahati,Gohpur to Guwahati,Chartered Bus - ASTC,A/C Seater Push BA/Ck (2+2),09:30,06h 45m,16:15,4.0,5 Seats available,713.04
https://www.redbus.in/bus-tickets/gohpur-to-guwahati,Gohpur to Guwahati,Pranjit Travels (Under ASTC),A/C Seater / Sleeper (2+1),23:05,06h 55m,06:00,4.1,31 Seats available,620
https://www.redbus.in/bus-tickets/gohpur-to-guwahati,Gohpur to Guwahati,Yatra Travels,NON AC Seater/ Sleeper (2+1),22:20,07h 40m,06:00,4.0,6 Seats available,450
https://www.redbus.in/bus-tickets/gohpur-to-guwahati,Gohpur to Guwahati,DESTINY TRAVELS,NON AC Seater (2+1),21:40,06h 05m,03:45,3.2,11 Seats available,475
https://www.redbus.in/bus-tickets/gohpur-to-guwahati,Gohpur to Guwahati,PANKAJ TRAVELS,A/C Seater (2+1),10:40,06h 20m,17:00,3.0,12 Seats available,523
https://www.redbus.in/bus-tickets/gohpur-to-guwahati,Gohpur to Guwahati,Pranjit Travels (Under ASTC),Bharat Benz A/C Seater (2+1),22:45,07h 30m,06:15,3.7,18 Seats available,650
https://www.redbus.in/bus-tickets/gohpur-to-guwahati,Gohpur to Guwahati,Deep Travels,NON AC Seater / Sleeper 2+1,22:20,06h 40m,05:00,3.1,17 Seats available,499
https://www.redbus.in/bus-tickets/gohpur-to-guwahati,Gohpur to Guwahati,Pranjit Travels (Under ASTC),NON AC Seater (2+1),09:20,07h 25m,16:45,2.7,11 Seats available,570
https://www.redbus.in/bus-tickets/gohpur-to-guwahati,Gohpur to Guwahati,Yatra Travels,NON AC Seater (2+1),22:35,07h 40m,06:15,2.9,7 Seats available,450
https://www.redbus.in/bus-tickets/gohpur-to-guwahati,Gohpur to Guwahati,PARIJAT TRAVELS(UNDER ASTC),NON AC Seater (2+1),23:11,07h 19m,06:30,2.5,10 Seats available,500
https://www.redbus.in/bus-tickets/gohpur-to-guwahati,Gohpur to Guwahati,Drishti Travels,NON AC Seater (2+1),21:00,08h 30m,05:30,4.1,18 Seats available,432
https://www.redbus.in/bus-tickets/gohpur-to-guwahati,Gohpur to Guwahati,BLUE HILL TRAVELS INDIA LIMITED,NON AC Seater Semi Sleeper (2+1),20:15,07h 30m,03:45,3.7,28 Seats available,550
https://www.redbus.in/bus-tickets/gohpur-to-guwahati,Gohpur to Guwahati,GURUNANAK TRAVELS,NON AC Seater (2+1),21:00,08h 00m,05:00,3.2,32 Seats available,500
https://www.redbus.in/bus-tickets/gohpur-to-guwahati,Gohpur to Guwahati,Drishti Travels,NON AC Seater (2+1),21:00,08h 30m,05:30,2.4,31 Seats available,432
https://www.redbus.in/bus-tickets/gohpur-to-guwahati,Gohpur to Guwahati,KIRAN TRAVELS,NON AC Seater (2+1),09:30,08h 00m,17:30,4.1,18 Seats available,450
https://www.redbus.in/bus-tickets/gohpur-to-guwahati,Gohpur to Guwahati,Island Travels (Under ASTC),NON AC Seater (2+1),22:30,07h 30m,06:00,3.3,32 Seats available,450
https://www.redbus.in/bus-tickets/gohpur-to-guwahati,Gohpur to Guwahati,Pranjit Travels (Under ASTC),NON AC Seater (2+1),22:15,07h 15m,05:30,3.6,27 Seats available,570
https://www.redbus.in/bus-tickets/gohpur-to-guwahati,Gohpur to Guwahati,MAHARATHI TRANSPORT,NON AC Semi Sleeper (2+1),22:00,07h 00m,05:00,3.3,15 Seats available,350
https://www.redbus.in/bus-tickets/gohpur-to-guwahati,Gohpur to Guwahati,NORTH EAST TRAVELS(UNDER ASTC),NON AC Seater (2+1),20:00,10h 00m,06:00,3.6,26 Seats available,500
https://www.redbus.in/bus-tickets/gohpur-to-guwahati,Gohpur to Guwahati,Karisma Travels,NON AC Seater Push BA/Ck (2+2),07:35,06h 40m,14:15,3.9,37 Seats available,400
https://www.redbus.in/bus-tickets/gohpur-to-guwahati,Gohpur to Guwahati,Pranjit Travels (Under ASTC),NON AC Seater (2+1),21:45,07h 45m,05:30,2.0,37 Seats available,570
https://www.redbus.in/bus-tickets/gohpur-to-guwahati,Gohpur to Guwahati,Sylvan DEE Transport,NON AC Seater (2+1),20:45,08h 15m,05:00,3.1,2 Seats available,470
https://www.redbus.in/bus-tickets/tinsukia-to-tezpur,Tinsukia to Tezpur,Assam State Transport Corporation (ASTC) - 163953,NON AC Seater Push BA/Ck (2+1),07:00,09h 00m,16:00,3.1,8 Seats available,466
https://www.redbus.in/bus-tickets/tinsukia-to-tezpur,Tinsukia to Tezpur,Aniruddha Travels,NON AC Seater/ Sleeper (2+1),18:30,09h 30m,04:00,1.9,10 Seats available,550
https://www.redbus.in/bus-tickets/tinsukia-to-tezpur,Tinsukia to Tezpur,Puja Transport,NON AC Seater / Sleeper 2+1,18:30,10h 30m,05:00,2.7,2 Seats available,600
https://www.redbus.in/bus-tickets/tinsukia-to-tezpur,Tinsukia to Tezpur,Aniruddha Travels,A/C Seater (2+2),06:00,09h 35m,15:35,2.3,10 Seats available,500
https://www.redbus.in/bus-tickets/tinsukia-to-tezpur,Tinsukia to Tezpur,PIHU TRANSPORT,Bharat Benz NON AC Seater / Sleeper (2+1),18:00,10h 30m,04:30,2.7,14 Seats available,500
https://www.redbus.in/bus-tickets/tinsukia-to-tezpur,Tinsukia to Tezpur,J.S. Travels,NON AC Seater (2+1),17:30,10h 30m,04:00,2.8,32 Seats available,550
https://www.redbus.in/bus-tickets/tinsukia-to-tezpur,Tinsukia to Tezpur,Puja Transport,NON AC Seater (2+2),17:30,10h 30m,04:00,1.9,31 Seats available,600
https://www.redbus.in/bus-tickets/tinsukia-to-tezpur,Tinsukia to Tezpur,Neha Travels,NON AC Seater (2+2),15:00,12h 15m,03:15,2.9,31 Seats available,650
https://www.redbus.in/bus-tickets/tinsukia-to-tezpur,Tinsukia to Tezpur,Maa Laxmi,NON AC Seater Push BA/Ck (2+1),16:30,09h 30m,02:00,2.9,23 Seats available,550
https://www.redbus.in/bus-tickets/tinsukia-to-tezpur,Tinsukia to Tezpur,MOON TRAVELS,A/C Seater (2+2),07:45,09h 15m,17:00,2.5,34 Seats available,618
https://www.redbus.in/bus-tickets/silchar-to-guwahati,Silchar to Guwahati,Jagannath Travels and Tours Pvt. Ltd.,NON AC Seater Push BA/Ck (2+1),18:30,10h 35m,05:05,2.7,31 Seats available,650
https://www.redbus.in/bus-tickets/silchar-to-guwahati,Silchar to Guwahati,Deep Travels,NON AC Seater / Sleeper 2+1,17:00,13h 30m,06:30,3.6,34 Seats available,650
https://www.redbus.in/bus-tickets/silchar-to-guwahati,Silchar to Guwahati,JAYSIKA,NON AC Seater (2+1),16:30,12h 00m,04:30,3.1,31 Seats available,650
https://www.redbus.in/bus-tickets/silchar-to-guwahati,Silchar to Guwahati,RAYAN TRAVELS,NON AC Seater (2+1),18:30,11h 30m,06:00,4.0,30 Seats available,650
https://www.redbus.in/bus-tickets/silchar-to-guwahati,Silchar to Guwahati,NETWORK TRAVELS,NON AC Seater Push BA/Ck (2+1),17:30,12h 00m,05:30,4.7,32 Seats available,550
https://www.redbus.in/bus-tickets/silchar-to-guwahati,Silchar to Guwahati,Capital Tours India Pvt. Ltd.,NON AC Seater (2+2),22:00,11h 00m,09:00,4.9,36 Seats available,650
https://www.redbus.in/bus-tickets/silchar-to-guwahati,Silchar to Guwahati,SEEMA TRAVELS,NON AC Seater / Sleeper 2+1,17:30,11h 30m,05:00,2.9,46 Seats available,650
https://www.redbus.in/bus-tickets/bokakhat-to-dibrugarh,Bokakhat to Dibrugarh,Assam State Transport Corporation (ASTC) - 139495,NON AC Seater Push BA/Ck (2+1),07:30,06h 30m,14:00,2.9,15 Seats available,273
https://www.redbus.in/bus-tickets/bokakhat-to-dibrugarh,Bokakhat to Dibrugarh,MOON TRAVELS,A/C Seater (2+2),09:45,05h 35m,15:20,2.7,22 Seats available,523
https://www.redbus.in/bus-tickets/bokakhat-to-dibrugarh,Bokakhat to Dibrugarh,Aniruddha Travels,A/C Seater (2+2),10:15,06h 00m,16:15,3.3,44 Seats available,450
https://www.redbus.in/bus-tickets/bokakhat-to-dibrugarh,Bokakhat to Dibrugarh,Chartered Bus - ASTC,Volvo A/C Seater PushbA/Ck 2+2,12:30,04h 45m,17:15,1.8,39 Seats available,647.8
https://www.redbus.in/bus-tickets/bokakhat-to-dibrugarh,Bokakhat to Dibrugarh,Bashudev Transline (Under ASTC),A/C Seater (2+1),12:35,05h 25m,18:00,3.4,37 Seats available,550
https://www.redbus.in/bus-tickets/bokakhat-to-dibrugarh,Bokakhat to Dibrugarh,Christina Travels,NON AC Seater (2+2),11:00,05h 30m,16:30,4.5,33 Seats available,650
https://www.redbus.in/bus-tickets/bokakhat-to-dibrugarh,Bokakhat to Dibrugarh,Aniruddha Travels,NON AC Seater/ Sleeper (2+1),23:15,04h 45m,04:00,4.1,29 Seats available,550
https://www.redbus.in/bus-tickets/bokakhat-to-dibrugarh,Bokakhat to Dibrugarh,PIHU TRANSPORT,Bharat Benz NON AC Seater / Sleeper (2+1),23:30,04h 30m,04:00,4.0,50 Seats available,500
https://www.redbus.in/bus-tickets/north-lakhimpur-to-moran,North Lakhimpur to Moran,Assam State Transport Corporation (ASTC) - 173044,NON AC Seater (2+2),13:00,02h 30m,15:30,3.6,30 Seats available,170
https://www.redbus.in/bus-tickets/tezpur-to-north-lakhimpur,Tezpur to North Lakhimpur,Assam State Transport Corporation (ASTC) - 173419,Bharat Benz A/C Seater (2+2),10:50,04h 10m,15:00,1.0,13 Seats available,334
https://www.redbus.in/bus-tickets/tezpur-to-north-lakhimpur,Tezpur to North Lakhimpur,Sparrow Travels (Under ASTC),NON AC Seater (2+2),06:30,05h 30m,12:00,2.0,39 Seats available,350
https://www.redbus.in/bus-tickets/tezpur-to-north-lakhimpur,Tezpur to North Lakhimpur,Chartered Bus - ASTC,A/C Seater Push BA/Ck (2+2),11:00,04h 00m,15:00,2.0,9 Seats available,648.23
https://www.redbus.in/bus-tickets/tezpur-to-north-lakhimpur,Tezpur to North Lakhimpur,KIRAN TRAVELS,A/C Seater (2+1),11:30,05h 35m,17:05,3.4,8 Seats available,432
https://www.redbus.in/bus-tickets/tezpur-to-north-lakhimpur,Tezpur to North Lakhimpur,Pranjit Travels (Under ASTC),NON AC Seater (2+1),13:10,05h 20m,18:30,3.3,25 Seats available,500
https://www.redbus.in/bus-tickets/tezpur-to-north-lakhimpur,Tezpur to North Lakhimpur,Pranjit Travels (Under ASTC),A/C Seater (2+1),14:00,04h 30m,18:30,3.4,35 Seats available,600
https://www.redbus.in/bus-tickets/tezpur-to-north-lakhimpur,Tezpur to North Lakhimpur,Mayur Travels (Under ASTC),NON AC Seater (2+2),05:45,05h 45m,11:30,3.6,42 Seats available,350
https://www.redbus.in/bus-tickets/tezpur-to-north-lakhimpur,Tezpur to North Lakhimpur,Ruma Travels (Under ASTC),NON AC Seater (2+2),09:00,05h 40m,14:40,2.4,41 Seats available,350
https://www.redbus.in/bus-tickets/tezpur-to-north-lakhimpur,Tezpur to North Lakhimpur,Mahadev K.P.,Tata A/C Seater (2+2),11:00,07h 15m,18:15,3.1,41 Seats available,460
https://www.redbus.in/bus-tickets/tezpur-to-north-lakhimpur,Tezpur to North Lakhimpur,Mahadev K.P.,Tata A/C Seater (2+2),11:30,07h 00m,18:30,2.0,41 Seats available,460
https://www.redbus.in/bus-tickets/tezpur-to-north-lakhimpur,Tezpur to North Lakhimpur,NETWORK TRAVELS,Bharat Benz A/C Seater /Sleeper (2+1),22:00,06h 30m,04:30,2.4,45 Seats available,712.5
https://www.redbus.in/bus-tickets/tezpur-to-tinsukia,Tezpur to Tinsukia,Assam State Transport Corporation (ASTC) - 96880,A/C Seater (2+1),08:00,09h 45m,17:45,1.4,6 Seats available,540
https://www.redbus.in/bus-tickets/tezpur-to-tinsukia,Tezpur to Tinsukia,Aniruddha Travels,NON AC Seater/ Sleeper (2+1),20:00,08h 45m,04:45,1.1,29 Seats available,550
https://www.redbus.in/bus-tickets/tezpur-to-tinsukia,Tezpur to Tinsukia,Aniruddha Travels,A/C Seater (2+2),07:50,09h 40m,17:30,3.5,10 Seats available,500
https://www.redbus.in/bus-tickets/tezpur-to-tinsukia,Tezpur to Tinsukia,Puja Transport,NON AC Seater (2+2),20:00,10h 00m,06:00,4.5,27 Seats available,550
https://www.redbus.in/bus-tickets/tezpur-to-tinsukia,Tezpur to Tinsukia,Puja Transport,NON AC Seater / Sleeper 2+1,20:00,09h 30m,05:30,3.5,23 Seats available,600
https://www.redbus.in/bus-tickets/tezpur-to-tinsukia,Tezpur to Tinsukia,PIHU TRANSPORT,Bharat Benz NON AC Seater / Sleeper (2+1),19:45,09h 15m,05:00,4.5,45 Seats available,500
https://www.redbus.in/bus-tickets/tezpur-to-tinsukia,Tezpur to Tinsukia,J.S. Travels,NON AC Seater (2+1),21:00,09h 30m,06:30,4.6,32 Seats available,550
https://www.redbus.in/bus-tickets/tezpur-to-tinsukia,Tezpur to Tinsukia,Maa Laxmi,NON AC Seater Push BA/Ck (2+1),23:00,09h 00m,08:00,3.6,26 Seats available,550
https://www.redbus.in/bus-tickets/tezpur-to-tinsukia,Tezpur to Tinsukia,Neha Travels,NON AC Seater (2+2),22:40,09h 20m,08:00,3.9,34 Seats available,650
https://www.redbus.in/bus-tickets/tezpur-to-tinsukia,Tezpur to Tinsukia,Neha Travels,NON AC Seater (2+2),22:40,06h 50m,05:30,3.4,26 Seats available,650
https://www.redbus.in/bus-tickets/tezpur-to-tinsukia,Tezpur to Tinsukia,MOON TRAVELS,A/C Seater (2+2),07:15,09h 35m,16:50,4.8,19 Seats available,618
https://www.redbus.in/bus-tickets/dibrugarh-to-bihpuria,Dibrugarh to Bihpuria,Assam State Transport Corporation (ASTC) - 147556,Bharat Benz A/C Seater (2+2),12:30,04h 15m,16:45,4.8,34 Seats available,292.6
https://www.redbus.in/bus-tickets/dibrugarh-to-bokakhat,Dibrugarh to Bokakhat,Assam State Transport Corporation (ASTC) - 139496,NON AC Seater Push BA/Ck (2+1),09:30,07h 00m,16:30,2.8,29 Seats available,273
https://www.redbus.in/bus-tickets/dibrugarh-to-bokakhat,Dibrugarh to Bokakhat,Bashudev Transline (Under ASTC),A/C Seater (2+1),06:45,05h 05m,11:50,2.7,19 Seats available,550
