https://www.redbus.in/bus-tickets/pune-to-goa,Pune to Goa,Kadamba Transport Corporation Limited (KTCL) - 89821,A/C Sleeper (2+1),19:15,10h 35m,05:50,3.8,10 Seats available,800
https://www.redbus.in/bus-tickets/pune-to-goa,Pune to Goa,Atmaram Gobus,VE A/C Sleeper (2+1),22:30,10h 15m,08:45,4.6,20 Seats available,606
https://www.redbus.in/bus-tickets/pune-to-goa,Pune to Goa,Ashray Travels,Bharat Benz A/C Sleeper (2+1),21:00,11h 30m,08:30,4.6,9 Seats available,749
https://www.redbus.in/bus-tickets/pune-to-goa,Pune to Goa,Zingbus Plus,Bharat Benz A/C Sleeper (2+1),21:45,10h 50m,08:35,4.5,27 Seats available,629
https://www.redbus.in/bus-tickets/pune-to-goa,Pune to Goa,Atmaram Gobus,VE A/C Sleeper (2+1),21:00,10h 30m,07:30,4.5,18 Seats available,616
https://www.redbus.in/bus-tickets/pune-to-goa,Pune to Goa,Ashray Amrutyog,A/C Sleeper (2+1),22:00,11h 30m,09:30,4.5,26 Seats available,699
https://www.redbus.in/bus-tickets/pune-to-goa,Pune to Goa,Ashray Vip Yellows,A/C Sleeper (2+1),20:30,11h 30m,08:00,4.4,25 Seats available,900
https://www.redbus.in/bus-tickets/pune-to-goa,Pune to Goa,Zingbus Plus,VE A/C Sleeper (2+1),23:55,11h 15m,11:10,4.3,22 Seats available,599
https://www.redbus.in/bus-tickets/pune-to-goa,Pune to Goa,Ashray Travels,NON AC Seater / Sleeper (2+1),21:15,10h 30m,07:45,4.5,34 Seats available,400
https://www.redbus.in/bus-tickets/pune-to-goa,Pune to Goa,Indumati Travels,A/C Sleeper (2+1),22:20,10h 10m,08:30,4.2,14 Seats available,712
https://www.redbus.in/bus-tickets/pune-to-goa,Pune to Goa,Ashray Grand,Volvo Multi-Axle A/C Sleeper (2+1),23:05,10h 25m,09:30,4.1,18 Seats available,1000
https://www.redbus.in/bus-tickets/pune-to-goa,Pune to Goa,Atmaram Gobus,NON AC Sleeper (2+1),20:30,10h 30m,07:00,4.3,17 Seats available,499
https://www.redbus.in/bus-tickets/pune-to-goa,Pune to Goa,Laxmi-Princess Nova,NON AC Seater / Sleeper (2+1),20:00,11h 15m,07:15,4.3,36 Seats available,399
https://www.redbus.in/bus-tickets/pune-to-goa,Pune to Goa,Ashray Divine,NON AC Sleeper (1+2),19:45,11h 00m,06:45,4.1,23 Seats available,700
https://www.redbus.in/bus-tickets/pune-to-goa,Pune to Goa,Prasanna - Purple Bus,VE A/C Sleeper (2+1),22:30,11h 00m,09:30,4.2,27 Seats available,920
https://www.redbus.in/bus-tickets/pune-to-goa,Pune to Goa,KVT Narmada Benz,Bharat Benz A/C Sleeper (2+1),22:05,09h 56m,08:01,4.1,19 Seats available,700
https://www.redbus.in/bus-tickets/pune-to-goa,Pune to Goa,Ashray Pearl,Volvo Multi Axle A/C Sleeper I-Shift B11R (2+1),22:30,10h 00m,08:30,4.0,33 Seats available,751
https://www.redbus.in/bus-tickets/pune-to-goa,Pune to Goa,Humsafar Travels,A/C Sleeper (2+1),22:15,11h 15m,09:30,4.1,22 Seats available,1050
https://www.redbus.in/bus-tickets/pune-to-goa,Pune to Goa,IntrCity SmartBus,A/C Sleeper (2+1),21:00,10h 40m,07:40,4.0,23 Seats available,519
https://www.redbus.in/bus-tickets/pune-to-goa,Pune to Goa,Prasanna - Purple Bus,Volvo A/C Sleeper (2+1),21:45,11h 30m,09:15,4.2,14 Seats available,1180
https://www.redbus.in/bus-tickets/pune-to-goa,Pune to Goa,Zingbus Plus,Bharat Benz A/C Sleeper (2+1),23:00,11h 00m,10:00,4.3,22 Seats available,599
https://www.redbus.in/bus-tickets/pune-to-goa,Pune to Goa,IntrCity SmartBus,A/C Sleeper (2+1),23:35,10h 10m,09:45,4.0,31 Seats available,674
https://www.redbus.in/bus-tickets/pune-to-goa,Pune to Goa,IntrCity SmartBus,A/C Sleeper (2+1),21:55,10h 25m,08:20,3.9,23 Seats available,674
https://www.redbus.in/bus-tickets/pune-to-goa,Pune to Goa,Prasanna - Purple Bus,VE A/C Sleeper (2+1),22:15,11h 15m,09:30,4.2,23 Seats available,1020
https://www.redbus.in/bus-tickets/pune-to-goa,Pune to Goa,Laxmi Queen Prime,A/C Sleeper (2+1),20:30,11h 00m,07:30,3.8,28 Seats available,699
https://www.redbus.in/bus-tickets/pune-to-goa,Pune to Goa,Dolphin Travel House (37),Bharat Benz A/C Sleeper (2+1),20:15,10h 15m,06:30,3.9,30 Seats available,910
https://www.redbus.in/bus-tickets/pune-to-goa,Pune to Goa,IntrCity SmartBus,A/C Sleeper (2+1),21:35,10h 40m,08:15,3.9,18 Seats available,720
https://www.redbus.in/bus-tickets/pune-to-goa,Pune to Goa,Ashray National Express,NON AC Sleeper (2+1),20:00,10h 45m,06:45,4.2,21 Seats available,700
https://www.redbus.in/bus-tickets/pune-to-goa,Pune to Goa,Shreyash Travels,Bharat Benz A/C Sleeper (2+1),21:45,10h 45m,08:30,3.9,12 Seats available,672
https://www.redbus.in/bus-tickets/pune-to-goa,Pune to Goa,Laxmi Empress Stellar,NON AC Sleeper (2+1),21:00,11h 00m,08:00,3.9,27 Seats available,599
https://www.redbus.in/bus-tickets/pune-to-goa,Pune to Goa,Rajdhani Travels Corporation,VE A/C Sleeper (2+1),23:15,10h 20m,09:35,4.0,19 Seats available,849
https://www.redbus.in/bus-tickets/pune-to-goa,Pune to Goa,Traveltime Travels (St.Christopher),NON AC Seater (2+2),20:30,11h 00m,07:30,3.3,30 Seats available,350
https://www.redbus.in/bus-tickets/pune-to-goa,Pune to Goa,Laxmi Queen Asta,A/C Sleeper (2+1),21:30,10h 30m,08:00,4.1,25 Seats available,699
https://www.redbus.in/bus-tickets/pune-to-goa,Pune to Goa,Laxmi Queen Grand,A/C Sleeper (2+1),22:00,10h 30m,08:30,3.8,20 Seats available,699
https://www.redbus.in/bus-tickets/pune-to-goa,Pune to Goa,KVT Narmada Benz,Bharat Benz A/C Sleeper (2+1),22:00,10h 00m,08:00,4.8,19 Seats available,700
https://www.redbus.in/bus-tickets/pune-to-goa,Pune to Goa,Zingbus Plus,VE A/C Sleeper (2+1),02:10,10h 15m,12:25,4.5,5 Seats available,741
https://www.redbus.in/bus-tickets/pune-to-goa,Pune to Goa,Abhishek Vishal Travels,NON AC Push Back (2+2),21:25,09h 45m,07:10,3.2,37 Seats available,550
https://www.redbus.in/bus-tickets/pune-to-goa,Pune to Goa,Dolphin Travel House (38),Bharat Benz A/C Sleeper (2+1),22:15,10h 15m,08:30,3.7,34 Seats available,810
https://www.redbus.in/bus-tickets/pune-to-goa,Pune to Goa,Dolphin Travel House (39),A/C Sleeper (2+1),22:30,10h 45m,09:15,3.1,35 Seats available,810
https://www.redbus.in/bus-tickets/pune-to-goa,Pune to Goa,Anand Travels,NON AC Sleeper (2+1),21:30,12h 00m,09:30,3.4,18 Seats available,549
https://www.redbus.in/bus-tickets/pune-to-goa,Pune to Goa,IntrCity SmartBus,A/C Sleeper (2+1),00:45,10h 00m,10:45,3.0,3 Seats available,600
https://www.redbus.in/bus-tickets/pune-to-goa,Pune to Goa,Dolphin travel house,A/C Sleeper (2+1),23:45,11h 00m,10:45,2.9,33 Seats available,810
https://www.redbus.in/bus-tickets/pune-to-goa,Pune to Goa,Atmaram Manish Travels,NON AC Hi-Tech (2+2),21:00,10h 30m,07:30,2.4,31 Seats available,540
https://www.redbus.in/bus-tickets/pune-to-goa,Pune to Goa,Humsafar Travels,A/C Sleeper (2+1),22:15,10h 45m,09:00,3.4,22 Seats available,1050
https://www.redbus.in/bus-tickets/pune-to-goa,Pune to Goa,Abhishek Vishal Travels (Samarth),A/C Sleeper (2+1),23:25,09h 45m,09:10,3.6,31 Seats available,699
https://www.redbus.in/bus-tickets/pune-to-goa,Pune to Goa,Traveltime Travels (St.Christopher),NON AC Seater (2+2),20:30,11h 00m,07:30,3.4,30 Seats available,350
https://www.redbus.in/bus-tickets/pune-to-goa,Pune to Goa,Abhishek Vishal Travels (Samarth),A/C Sleeper (2+1),23:25,09h 45m,09:10,3.2,31 Seats available,699
https://www.redbus.in/bus-tickets/pune-to-goa,Pune to Goa,Abhishek Travels,NON AC Push Back (2+2),22:30,09h 10m,07:40,3.2,45 Seats available,2000
https://www.redbus.in/bus-tickets/pune-to-goa,Pune to Goa,Hans Travels (I) Private Limited,A/C Sleeper (2+1),23:59,12h 15m,12:14,2.4,21 Seats available,1000
https://www.redbus.in/bus-tickets/pune-to-goa,Pune to Goa,Gujarat Travels,A/C Sleeper (2+1),23:00,11h 40m,10:40,2.6,33 Seats available,950
https://www.redbus.in/bus-tickets/pune-to-goa,Pune to Goa,KOKAN TOURS & TRAVELS,NON AC Seater Push Back (2+2),21:00,11h 45m,08:45,3.0,27 Seats available,3000
https://www.redbus.in/bus-tickets/pune-to-goa,Pune to Goa,IntrCity SmartBus,A/C Sleeper (2+1),21:45,10h 25m,08:10,4.3,28 Seats available,899
https://www.redbus.in/bus-tickets/pune-to-goa,Pune to Goa,VRL Travels,A/C Sleeper (2+1),21:30,10h 30m,08:00,3.4,30 Seats available,800
https://www.redbus.in/bus-tickets/pune-to-goa,Pune to Goa,VRL Travels,A/C Sleeper (2+1),23:30,10h 15m,09:45,3.4,19 Seats available,800
https://www.redbus.in/bus-tickets/goa-to-pune,Goa to Pune,Kadamba Transport Corporation Limited (KTCL) - 89820,A/C Sleeper (2+1),19:00,12h 00m,07:00,3.2,26 Seats available,800
https://www.redbus.in/bus-tickets/goa-to-pune,Goa to Pune,Atmaram Gobus,VE A/C Sleeper (2+1),21:32,08h 50m,06:22,4.8,20 Seats available,699
https://www.redbus.in/bus-tickets/goa-to-pune,Goa to Pune,Atmaram Gobus,VE A/C Sleeper (2+1),22:30,10h 40m,09:10,4.8,24 Seats available,699
https://www.redbus.in/bus-tickets/goa-to-pune,Goa to Pune,AdIndumati Travels,A/C Sleeper (2+1),21:00,10h 00m,07:00,4.0,19 Seats available,617
https://www.redbus.in/bus-tickets/goa-to-pune,Goa to Pune,IntrCity SmartBus,A/C Sleeper (2+1),19:30,10h 05m,05:35,4.6,14 Seats available,952
https://www.redbus.in/bus-tickets/goa-to-pune,Goa to Pune,Ashray Travels,Bharat Benz A/C Sleeper (2+1),22:30,11h 30m,10:00,4.5,28 Seats available,710
https://www.redbus.in/bus-tickets/goa-to-pune,Goa to Pune,Zingbus Plus,Bharat Benz A/C Sleeper (2+1),18:10,11h 10m,05:20,4.5,14 Seats available,630
https://www.redbus.in/bus-tickets/goa-to-pune,Goa to Pune,Atmaram Travels(M.Dev),A/C Sleeper (2+1),22:00,09h 45m,07:45,4.6,22 Seats available,799
https://www.redbus.in/bus-tickets/goa-to-pune,Goa to Pune,IntrCity SmartBus,A/C Sleeper (2+1),21:00,10h 05m,07:05,4.4,26 Seats available,629
https://www.redbus.in/bus-tickets/goa-to-pune,Goa to Pune,IntrCity SmartBus,A/C Sleeper (2+1),18:30,10h 55m,05:25,4.4,17 Seats available,816
https://www.redbus.in/bus-tickets/goa-to-pune,Goa to Pune,Zingbus Plus,Bharat Benz A/C Sleeper (2+1),21:35,12h 55m,10:30,4.4,26 Seats available,549
https://www.redbus.in/bus-tickets/goa-to-pune,Goa to Pune,Atmaram Gobus,NON AC Sleeper (2+1),20:01,10h 30m,06:31,4.3,20 Seats available,555
https://www.redbus.in/bus-tickets/goa-to-pune,Goa to Pune,Laxmi-Princess Nova,NON AC Seater / Sleeper (2+1),19:00,11h 30m,06:30,4.4,31 Seats available,399
https://www.redbus.in/bus-tickets/goa-to-pune,Goa to Pune,Ashray Travels,Volvo Multi Axle A/C Sleeper I-Shift B11R (2+1),21:00,10h 15m,07:15,4.2,32 Seats available,699
https://www.redbus.in/bus-tickets/goa-to-pune,Goa to Pune,Atmaram Travels(KVT Narmada Red),Bharat Benz A/C Sleeper (2+1),21:16,10h 15m,07:31,4.2,18 Seats available,555
https://www.redbus.in/bus-tickets/goa-to-pune,Goa to Pune,Amrutyog Travels,A/C Sleeper (2+1),19:00,11h 22m,06:22,4.3,25 Seats available,555
https://www.redbus.in/bus-tickets/goa-to-pune,Goa to Pune,Giroba Travels,A/C Sleeper (2+1),18:01,11h 44m,05:45,0,26 Seats available,2500
https://www.redbus.in/bus-tickets/goa-to-pune,Goa to Pune,Giroba Travels,NON AC Seater (2+2),18:00,11h 30m,05:30,0,30 Seats available,350
https://www.redbus.in/bus-tickets/goa-to-pune,Goa to Pune,Ashray Grand,Volvo Multi-Axle A/C Sleeper (2+1),22:00,11h 30m,09:30,4.1,22 Seats available,1000
https://www.redbus.in/bus-tickets/goa-to-pune,Goa to Pune,Ashray Travels,NON AC Seater / Sleeper (2+1),20:00,13h 00m,09:00,4.3,44 Seats available,350
https://www.redbus.in/bus-tickets/goa-to-pune,Goa to Pune,Prasanna Purple Big Bus,VE A/C Sleeper (2+1),22:00,09h 30m,07:30,4.2,26 Seats available,820
https://www.redbus.in/bus-tickets/goa-to-pune,Goa to Pune,Rajdhani Travels Corporation,VE A/C Sleeper (2+1),18:00,12h 10m,06:10,4.3,17 Seats available,849
https://www.redbus.in/bus-tickets/goa-to-pune,Goa to Pune,Zingbus Plus,VE A/C Sleeper (2+1),20:25,10h 50m,07:15,4.7,22 Seats available,636
https://www.redbus.in/bus-tickets/goa-to-pune,Goa to Pune,Atmaram Travels ( Ashray ),A/C Sleeper (2+1),22:01,10h 15m,08:16,4.0,22 Seats available,606
https://www.redbus.in/bus-tickets/goa-to-pune,Goa to Pune,Laxmi Queen Prime,A/C Sleeper (2+1),19:30,11h 00m,06:30,4.0,14 Seats available,699
https://www.redbus.in/bus-tickets/goa-to-pune,Goa to Pune,Prasanna - Purple Bus,VE A/C Sleeper (2+1),17:00,12h 00m,05:00,4.0,24 Seats available,820
https://www.redbus.in/bus-tickets/goa-to-pune,Goa to Pune,Laxmi Empress Stellar,NON AC Sleeper (2+1),19:45,11h 00m,06:45,3.9,28 Seats available,599
https://www.redbus.in/bus-tickets/goa-to-pune,Goa to Pune,Laxmi Queen Asta,A/C Sleeper (2+1),20:30,10h 30m,07:00,4.0,26 Seats available,699
https://www.redbus.in/bus-tickets/goa-to-pune,Goa to Pune,Atmaram Travels (Humsafar),Bharat Benz A/C Sleeper (2+1),19:30,09h 30m,05:00,3.8,21 Seats available,799
https://www.redbus.in/bus-tickets/goa-to-pune,Goa to Pune,Atmaram Travels ( Dolphin ),A/C Sleeper (2+1),17:30,11h 30m,05:00,3.8,23 Seats available,770
https://www.redbus.in/bus-tickets/goa-to-pune,Goa to Pune,Prasanna - Purple Bus,Volvo A/C Sleeper (2+1),18:00,12h 15m,06:15,3.8,25 Seats available,820
https://www.redbus.in/bus-tickets/goa-to-pune,Goa to Pune,Atmaram Travels ( Dolphin ),A/C Sleeper (2+1),14:00,11h 00m,01:00,4.0,19 Seats available,850
https://www.redbus.in/bus-tickets/goa-to-pune,Goa to Pune,Atmaram Travels (Shreyas),Bharat Benz A/C Sleeper (2+1),20:03,09h 45m,05:48,3.9,24 Seats available,5000
https://www.redbus.in/bus-tickets/goa-to-pune,Goa to Pune,Atmaram Travels Goa,A/C Sleeper (2+1),19:00,11h 00m,06:00,4.3,23 Seats available,650
https://www.redbus.in/bus-tickets/goa-to-pune,Goa to Pune,"National Travels,Goa",NON AC Sleeper (2+1),19:00,11h 20m,06:20,4.6,21 Seats available,499
https://www.redbus.in/bus-tickets/goa-to-pune,Goa to Pune,Atmaram Travels ( Dolphin ),A/C Sleeper (2+1),16:30,11h 55m,04:25,3.9,30 Seats available,727
https://www.redbus.in/bus-tickets/goa-to-pune,Goa to Pune,Atmaram Gobus,NON AC Sleeper (2+1),21:02,10h 30m,07:32,4.7,24 Seats available,505
https://www.redbus.in/bus-tickets/goa-to-pune,Goa to Pune,Atmaram Travels ( Dolphin ),A/C Sleeper (2+1),15:30,11h 00m,02:30,3.9,22 Seats available,750
https://www.redbus.in/bus-tickets/goa-to-pune,Goa to Pune,VAILANKANNI TRAVELS,VE A/C Sleeper (2+1),18:30,10h 30m,05:00,3.4,27 Seats available,700
https://www.redbus.in/bus-tickets/goa-to-pune,Goa to Pune,Ashray Travels,Volvo Multi Axle A/C Sleeper I-Shift B11R (2+1),20:00,12h 05m,08:05,3.7,38 Seats available,3000
https://www.redbus.in/bus-tickets/goa-to-pune,Goa to Pune,Atmaram Travels ( Gogte ),NON AC Sleeper (2+1),21:15,10h 30m,07:45,3.5,36 Seats available,5000
https://www.redbus.in/bus-tickets/goa-to-pune,Goa to Pune,Laxmi Queen Grand,A/C Sleeper (2+1),21:00,11h 00m,08:00,3.5,12 Seats available,699
https://www.redbus.in/bus-tickets/goa-to-pune,Goa to Pune,Shreyash Travels,A/C Sleeper (2+1),20:00,10h 00m,06:00,4.2,22 Seats available,490
https://www.redbus.in/bus-tickets/goa-to-pune,Goa to Pune,Hans Travels (I) Private Limited,A/C Sleeper (2+1),12:30,10h 45m,23:15,2.0,18 Seats available,1000
https://www.redbus.in/bus-tickets/goa-to-pune,Goa to Pune,Manish Roshan Travels,A/C Sleeper (2+1),19:00,11h 30m,06:30,3.6,30 Seats available,850
https://www.redbus.in/bus-tickets/goa-to-pune,Goa to Pune,Atmaram Travels Goa,A/C Seater / Sleeper (3+1),21:30,12h 50m,10:20,4.1,38 Seats available,1099
https://www.redbus.in/bus-tickets/goa-to-pune,Goa to Pune,PSR Travels Goa,A/C Sleeper (2+1),19:15,10h 00m,05:15,3.7,25 Seats available,799
https://www.redbus.in/bus-tickets/goa-to-pune,Goa to Pune,Atmaram Travels ( Dolphin ),A/C Sleeper (2+1),18:30,11h 00m,05:30,3.7,17 Seats available,750
https://www.redbus.in/bus-tickets/goa-to-pune,Goa to Pune,Atmaram Travels (Unity),A/C Sleeper (2+1),20:00,10h 30m,06:30,3.8,25 Seats available,650
https://www.redbus.in/bus-tickets/goa-to-pune,Goa to Pune,Jolly Tours and Travels,VE A/C Sleeper (2+1),17:30,11h 15m,04:45,3.6,16 Seats available,1449
https://www.redbus.in/bus-tickets/goa-to-pune,Goa to Pune,Sai Travels - Shree Sai,NON AC Push Back (2+2),17:30,11h 30m,05:00,3.2,45 Seats available,5000
https://www.redbus.in/bus-tickets/goa-to-pune,Goa to Pune,Manish Travels,NON AC Seater (2+2),16:45,12h 50m,05:35,2.8,32 Seats available,2000
https://www.redbus.in/bus-tickets/goa-to-pune,Goa to Pune,Manish Sharma Travels,A/C Sleeper (2+1),17:30,11h 30m,05:00,2.0,23 Seats available,1200
https://www.redbus.in/bus-tickets/goa-to-pune,Goa to Pune,Manish Travels,A/C Seater / Sleeper (2+1),16:30,11h 30m,04:00,2.2,26 Seats available,700
https://www.redbus.in/bus-tickets/goa-to-pune,Goa to Pune,IntrCity SmartBus,A/C Sleeper (2+1),18:20,10h 55m,05:15,4.3,16 Seats available,899
https://www.redbus.in/bus-tickets/goa-to-pune,Goa to Pune,SIDDHANTH TRANSPORT,A/C Seater Push Back (2+2),17:00,10h 55m,03:55,4.3,49 Seats available,5000
https://www.redbus.in/bus-tickets/goa-to-pune,Goa to Pune,VRL Travels,A/C Sleeper (2+1),20:00,11h 00m,07:00,3.4,35 Seats available,900
https://www.redbus.in/bus-tickets/mumbai-to-goa,Mumbai to Goa,Kadamba Transport Corporation Limited (KTCL) - 131847,Volvo A/C Seater Pushback 2+2,17:00,13h 00m,06:00,3.7,24 Seats available,800
https://www.redbus.in/bus-tickets/mumbai-to-goa,Mumbai to Goa,Zingbus Plus,VE A/C Sleeper (2+1),20:00,16h 25m,12:25,4.7,17 Seats available,622
https://www.redbus.in/bus-tickets/mumbai-to-goa,Mumbai to Goa,Rajdhani Travels Corporation,VE A/C Sleeper (2+1),19:55,13h 40m,09:35,4.4,19 Seats available,849
https://www.redbus.in/bus-tickets/mumbai-to-goa,Mumbai to Goa,AdVaibhav travels,A/C Sleeper (2+1),18:00,18h 00m,12:00,3.6,28 Seats available,740
https://www.redbus.in/bus-tickets/mumbai-to-goa,Mumbai to Goa,Zingbus Plus,Bharat Benz A/C Sleeper (2+1),17:00,17h 00m,10:00,4.5,22 Seats available,594
https://www.redbus.in/bus-tickets/mumbai-to-goa,Mumbai to Goa,IntrCity SmartBus,A/C Sleeper (2+1),17:00,15h 15m,08:15,4.3,18 Seats available,720
https://www.redbus.in/bus-tickets/mumbai-to-goa,Mumbai to Goa,Zingbus Plus,VE A/C Sleeper (2+1),18:00,17h 10m,11:10,4.3,22 Seats available,594
https://www.redbus.in/bus-tickets/mumbai-to-goa,Mumbai to Goa,Dolphin Travel House (37),Bharat Benz A/C Sleeper (2+1),13:30,17h 00m,06:30,4.3,29 Seats available,910
https://www.redbus.in/bus-tickets/mumbai-to-goa,Mumbai to Goa,IntrCity SmartBus,A/C Sleeper (2+1),16:00,16h 20m,08:20,4.2,23 Seats available,674
https://www.redbus.in/bus-tickets/mumbai-to-goa,Mumbai to Goa,Dolphin Travel House (38),Bharat Benz A/C Sleeper (2+1),15:30,17h 00m,08:30,4.2,34 Seats available,810
https://www.redbus.in/bus-tickets/mumbai-to-goa,Mumbai to Goa,Mascot Travels(M.Dev),A/C Sleeper (2+1),17:45,17h 15m,11:00,4.0,25 Seats available,618
https://www.redbus.in/bus-tickets/mumbai-to-goa,Mumbai to Goa,IntrCity SmartBus,A/C Sleeper (2+1),20:55,13h 50m,10:45,3.9,24 Seats available,629
https://www.redbus.in/bus-tickets/mumbai-to-goa,Mumbai to Goa,IntrCity SmartBus,A/C Sleeper (2+1),19:15,14h 30m,09:45,3.9,29 Seats available,674
https://www.redbus.in/bus-tickets/mumbai-to-goa,Mumbai to Goa,GANESH PRASAD TRAVELS,A/C Seater (2+2),21:00,13h 55m,10:55,0,49 Seats available,2500
https://www.redbus.in/bus-tickets/mumbai-to-goa,Mumbai to Goa,GANESH PRASAD TRAVELS,NON AC Seater (2+2),20:00,13h 55m,09:55,0,49 Seats available,2500
https://www.redbus.in/bus-tickets/mumbai-to-goa,Mumbai to Goa,Jolly Tours and Travels,VE A/C Sleeper (2+1),18:35,12h 30m,07:05,4.0,15 Seats available,1200
https://www.redbus.in/bus-tickets/mumbai-to-goa,Mumbai to Goa,Konkan Travels National,NON AC Sleeper (2+1),19:25,14h 20m,09:45,3.9,24 Seats available,522
https://www.redbus.in/bus-tickets/mumbai-to-goa,Mumbai to Goa,Global Travel Agency (GTA),A/C Sleeper (2+1),17:50,17h 45m,11:35,3.9,24 Seats available,700
https://www.redbus.in/bus-tickets/mumbai-to-goa,Mumbai to Goa,Konkan Travels National,A/C Sleeper (2+1),18:00,16h 55m,10:55,3.8,24 Seats available,617
https://www.redbus.in/bus-tickets/mumbai-to-goa,Mumbai to Goa,Dolphin travel house,A/C Sleeper (2+1),17:45,17h 00m,10:45,3.5,31 Seats available,810
https://www.redbus.in/bus-tickets/mumbai-to-goa,Mumbai to Goa,Shubham Vailankanni Travels,VE A/C Sleeper (2+1),20:30,15h 35m,12:05,3.4,26 Seats available,900
https://www.redbus.in/bus-tickets/mumbai-to-goa,Mumbai to Goa,Anand Travels,NON AC Sleeper (2+1),16:50,16h 40m,09:30,3.2,18 Seats available,549
https://www.redbus.in/bus-tickets/mumbai-to-goa,Mumbai to Goa,Abhishek Vishal Travels,NON AC Push Back (2+2),14:50,16h 20m,07:10,3.0,37 Seats available,550
https://www.redbus.in/bus-tickets/mumbai-to-goa,Mumbai to Goa,Dolphin Travel House (39),A/C Sleeper (2+1),16:30,16h 45m,09:15,2.9,35 Seats available,810
https://www.redbus.in/bus-tickets/mumbai-to-goa,Mumbai to Goa,Dolphin travel house,A/C Sleeper (2+1),20:45,15h 45m,12:30,3.9,29 Seats available,900
https://www.redbus.in/bus-tickets/mumbai-to-goa,Mumbai to Goa,Atmaram Manish Travels,NON AC Hi-Tech (2+2),15:00,16h 30m,07:30,2.6,31 Seats available,555
https://www.redbus.in/bus-tickets/mumbai-to-goa,Mumbai to Goa,Shubham Saijyoti Travels,A/C Sleeper (2+1),20:55,14h 05m,11:00,3.6,22 Seats available,750
https://www.redbus.in/bus-tickets/mumbai-to-goa,Mumbai to Goa,Abhishek Vishal Travels (Samarth),A/C Sleeper (2+1),16:50,16h 20m,09:10,3.5,31 Seats available,699
https://www.redbus.in/bus-tickets/mumbai-to-goa,Mumbai to Goa,Mascot Travels(M.Dev),A/C Sleeper (2+1),19:00,17h 00m,12:00,4.6,22 Seats available,664
https://www.redbus.in/bus-tickets/mumbai-to-goa,Mumbai to Goa,Naik Tours And Travels,NON AC Sleeper (2+1),14:25,16h 05m,06:30,1.4,24 Seats available,700
https://www.redbus.in/bus-tickets/mumbai-to-goa,Mumbai to Goa,Abhishek Vishal Travels (Samarth),A/C Sleeper (2+1),16:50,16h 20m,09:10,3.2,31 Seats available,699
https://www.redbus.in/bus-tickets/mumbai-to-goa,Mumbai to Goa,Abhishek Travels,NON AC Push Back (2+2),14:45,16h 55m,07:40,3.2,45 Seats available,2000
https://www.redbus.in/bus-tickets/mumbai-to-goa,Mumbai to Goa,Roshan Travels - Humrahi,Benz A/C Sleeper (2+1),18:45,17h 00m,11:45,2.6,20 Seats available,800
https://www.redbus.in/bus-tickets/mumbai-to-goa,Mumbai to Goa,Atmaram Travels,A/C Seater / Sleeper (2+1),20:00,15h 00m,11:00,2.8,19 Seats available,630
https://www.redbus.in/bus-tickets/mumbai-to-goa,Mumbai to Goa,Naik Tours And Travels,A/C Seater (2+2),22:00,12h 00m,10:00,1.6,39 Seats available,1200
https://www.redbus.in/bus-tickets/mumbai-to-goa,Mumbai to Goa,Roshan Travels - Humrahi,A/C Sleeper (2+1),18:00,16h 30m,10:30,2.1,20 Seats available,699
https://www.redbus.in/bus-tickets/mumbai-to-goa,Mumbai to Goa,Atmaram Travels,A/C Seater / Sleeper (2+1),16:45,16h 15m,09:00,2.5,20 Seats available,810
https://www.redbus.in/bus-tickets/mumbai-to-goa,Mumbai to Goa,IntrCity SmartBus,A/C Sleeper (2+1),15:50,16h 20m,08:10,4.3,28 Seats available,809
https://www.redbus.in/bus-tickets/mumbai-to-goa,Mumbai to Goa,Global Travel Agency (GTA),A/C Sleeper (2+1),16:00,17h 45m,09:45,3.6,32 Seats available,700
https://www.redbus.in/bus-tickets/mumbai-to-goa,Mumbai to Goa,Global Travel Agency (GTA),A/C Sleeper (2+1),18:30,17h 45m,12:15,3.6,28 Seats available,799
https://www.redbus.in/bus-tickets/mumbai-to-goa,Mumbai to Goa,Naik Tours And Travels,Bharat Benz A/C Sleeper (2+1),20:30,13h 30m,10:00,2.6,24 Seats available,1200
https://www.redbus.in/bus-tickets/mumbai-to-goa,Mumbai to Goa,Naik Travels (Syndicate),NON AC Sleeper (2+1),19:30,13h 30m,09:00,2.6,26 Seats available,700
https://www.redbus.in/bus-tickets/mumbai-to-goa,Mumbai to Goa,Atmaram Manish Travels,NON AC Hi-Tech (2+2),16:15,16h 15m,08:30,2.5,19 Seats available,555
https://www.redbus.in/bus-tickets/mumbai-to-goa,Mumbai to Goa,Atmaram Travels,A/C Sleeper (2+1),17:45,15h 00m,08:45,2.5,18 Seats available,833
https://www.redbus.in/bus-tickets/mumbai-to-goa,Mumbai to Goa,Konkan Travels National,A/C Sleeper (2+1),19:25,14h 20m,09:45,3.0,25 Seats available,749
https://www.redbus.in/bus-tickets/mumbai-to-goa,Mumbai to Goa,VRL Travels,A/C Sleeper (2+1),19:00,14h 45m,09:45,4.5,19 Seats available,800
https://www.redbus.in/bus-tickets/goa-to-mumbai,Goa to Mumbai,Zingbus Plus,Bharat Benz A/C Sleeper (2+1),18:10,14h 55m,09:05,4.5,14 Seats available,630
https://www.redbus.in/bus-tickets/goa-to-mumbai,Goa to Mumbai,IntrCity SmartBus,A/C Sleeper (2+1),19:30,14h 10m,09:40,4.5,14 Seats available,952
https://www.redbus.in/bus-tickets/goa-to-mumbai,Goa to Mumbai,Atmaram Travels ( Dolphin ),A/C Sleeper (2+1),14:00,15h 15m,05:15,4.3,19 Seats available,850
https://www.redbus.in/bus-tickets/goa-to-mumbai,Goa to Mumbai,AdIntrCity SmartBus,A/C Sleeper (2+1),18:20,14h 30m,08:50,4.4,16 Seats available,900
https://www.redbus.in/bus-tickets/goa-to-mumbai,Goa to Mumbai,Atmaram Travels(M.Dev),A/C Sleeper (2+1),22:00,13h 50m,11:50,4.3,22 Seats available,799
https://www.redbus.in/bus-tickets/goa-to-mumbai,Goa to Mumbai,Rajdhani Travels Corporation,VE A/C Sleeper (2+1),19:30,12h 40m,08:10,4.2,17 Seats available,849
https://www.redbus.in/bus-tickets/goa-to-mumbai,Goa to Mumbai,IntrCity SmartBus,A/C Sleeper (2+1),18:30,14h 30m,09:00,4.1,17 Seats available,816
https://www.redbus.in/bus-tickets/goa-to-mumbai,Goa to Mumbai,AdJolly Tours and Travels,VE A/C Sleeper (2+1),18:25,12h 05m,06:30,4.2,16 Seats available,1499
https://www.redbus.in/bus-tickets/goa-to-mumbai,Goa to Mumbai,IntrCity SmartBus,A/C Sleeper (2+1),21:00,14h 20m,11:20,4.5,26 Seats available,629
https://www.redbus.in/bus-tickets/goa-to-mumbai,Goa to Mumbai,Zingbus Plus,VE A/C Sleeper (2+1),20:25,15h 25m,11:50,4.2,22 Seats available,719
https://www.redbus.in/bus-tickets/goa-to-mumbai,Goa to Mumbai,Atmaram Travels ( Dolphin ),A/C Sleeper (2+1),17:30,15h 55m,09:25,4.2,23 Seats available,770
https://www.redbus.in/bus-tickets/goa-to-mumbai,Goa to Mumbai,"National Travels,Goa",A/C Sleeper (2+1),19:30,15h 00m,10:30,0,22 Seats available,750
https://www.redbus.in/bus-tickets/goa-to-mumbai,Goa to Mumbai,Giroba Travels,A/C Sleeper (2+1),16:30,14h 40m,07:10,0,29 Seats available,3000
https://www.redbus.in/bus-tickets/goa-to-mumbai,Goa to Mumbai,GANESH PRASAD TRAVELS,NON AC Seater (2+2),16:20,15h 55m,08:15,0,49 Seats available,2000
https://www.redbus.in/bus-tickets/goa-to-mumbai,Goa to Mumbai,GANESH PRASAD TRAVELS,A/C Seater (2+2),17:20,15h 10m,08:30,0,49 Seats available,2500
https://www.redbus.in/bus-tickets/goa-to-mumbai,Goa to Mumbai,Giroba Travels,A/C Seater Hi-Tech Push Back (2+2),17:00,13h 10m,06:10,4.1,40 Seats available,2000
https://www.redbus.in/bus-tickets/goa-to-mumbai,Goa to Mumbai,Atmaram Travels ( Dolphin ),A/C Sleeper (2+1),15:30,15h 15m,06:45,4.0,22 Seats available,750
https://www.redbus.in/bus-tickets/goa-to-mumbai,Goa to Mumbai,"National Travels,Goa",NON AC Sleeper (2+1),18:30,13h 00m,07:30,3.8,9 Seats available,750
https://www.redbus.in/bus-tickets/goa-to-mumbai,Goa to Mumbai,Atmaram Travels Goa,A/C Sleeper (2+1),19:00,14h 35m,09:35,4.2,23 Seats available,650
https://www.redbus.in/bus-tickets/goa-to-mumbai,Goa to Mumbai,Atmaram Travels (Unity),A/C Sleeper (2+1),20:00,14h 35m,10:35,3.7,23 Seats available,650
https://www.redbus.in/bus-tickets/goa-to-mumbai,Goa to Mumbai,Atmaram Travels ( Dolphin ),A/C Sleeper (2+1),16:30,15h 20m,07:50,3.6,30 Seats available,727
https://www.redbus.in/bus-tickets/goa-to-mumbai,Goa to Mumbai,VAILANKANNI TRAVELS,VE A/C Sleeper (2+1),20:40,12h 50m,09:30,4.3,26 Seats available,700
https://www.redbus.in/bus-tickets/goa-to-mumbai,Goa to Mumbai,Atmaram Travels(M.Dev),A/C Sleeper (2+1),21:02,13h 55m,10:57,3.5,23 Seats available,660
https://www.redbus.in/bus-tickets/goa-to-mumbai,Goa to Mumbai,Manish Roshan Travels,A/C Sleeper (2+1),20:30,14h 00m,10:30,3.5,30 Seats available,850
https://www.redbus.in/bus-tickets/goa-to-mumbai,Goa to Mumbai,Atmaram Travels (Vishal),NON AC Seater (2+2),18:10,15h 10m,09:20,3.5,14 Seats available,550
https://www.redbus.in/bus-tickets/goa-to-mumbai,Goa to Mumbai,Atmaram Travels ( Dolphin ),A/C Sleeper (2+1),18:30,16h 00m,10:30,3.6,17 Seats available,750
https://www.redbus.in/bus-tickets/goa-to-mumbai,Goa to Mumbai,Naik Tours And Travels,NON AC Sleeper (2+1),16:20,14h 45m,07:05,3.7,16 Seats available,700
https://www.redbus.in/bus-tickets/goa-to-mumbai,Goa to Mumbai,Sai Travels - Saijyoti,A/C Sleeper (2+1),19:45,14h 50m,10:35,4.1,28 Seats available,1199
https://www.redbus.in/bus-tickets/goa-to-mumbai,Goa to Mumbai,Atmaram Travels Goa,A/C Seater / Sleeper (3+1),21:30,15h 15m,12:45,2.7,38 Seats available,1099
https://www.redbus.in/bus-tickets/goa-to-mumbai,Goa to Mumbai,Naik Tours And Travels,NON AC Sleeper (2+1),18:20,12h 45m,07:05,2.6,26 Seats available,1500
https://www.redbus.in/bus-tickets/goa-to-mumbai,Goa to Mumbai,Manish Roshan Travels,Bharat Benz A/C Sleeper (2+1),17:30,14h 00m,07:30,2.2,24 Seats available,1300
https://www.redbus.in/bus-tickets/goa-to-mumbai,Goa to Mumbai,Manish Sharma Travels,A/C Sleeper (2+1),19:00,16h 00m,11:00,2.4,23 Seats available,1200
https://www.redbus.in/bus-tickets/goa-to-mumbai,Goa to Mumbai,Manish Travels,A/C Seater / Sleeper (2+1),18:00,14h 00m,08:00,2.7,26 Seats available,700
https://www.redbus.in/bus-tickets/goa-to-mumbai,Goa to Mumbai,Manish Travels,NON AC Seater (2+2),18:30,14h 30m,09:00,4.3,27 Seats available,600
https://www.redbus.in/bus-tickets/goa-to-mumbai,Goa to Mumbai,SIDDHANTH TRANSPORT,A/C Seater Push Back (2+2),17:20,15h 25m,08:45,3.6,49 Seats available,5000
https://www.redbus.in/bus-tickets/goa-to-mumbai,Goa to Mumbai,Sai Travels,NON AC Sleeper (2+1),17:30,15h 30m,09:00,3.6,31 Seats available,5000
https://www.redbus.in/bus-tickets/goa-to-mumbai,Goa to Mumbai,Sai Travels,A/C Sleeper (2+1),01:00,09h 00m,10:00,4.6,27 Seats available,4000
https://www.redbus.in/bus-tickets/bangalore-to-goa,Bangalore to Goa,Intercity travels,Bharat Benz A/C Sleeper (2+1),21:00,13h 15m,10:15,4.5,7 Seats available,1499
https://www.redbus.in/bus-tickets/bangalore-to-goa,Bangalore to Goa,Sunrise Tours and Travels,A/C Sleeper (2+1),21:20,12h 55m,10:15,4.3,13 Seats available,1299
https://www.redbus.in/bus-tickets/bangalore-to-goa,Bangalore to Goa,IntrCity SmartBus,A/C Sleeper (2+1),20:30,13h 10m,09:40,3.9,15 Seats available,879
https://www.redbus.in/bus-tickets/bangalore-to-goa,Bangalore to Goa,Streamline tours and travels,A/C Sleeper (2+1),22:20,12h 55m,11:15,4.2,21 Seats available,1190
https://www.redbus.in/bus-tickets/bangalore-to-goa,Bangalore to Goa,Shanta Travels,NON AC Sleeper (2+1),19:30,12h 45m,08:15,4.6,18 Seats available,1010
https://www.redbus.in/bus-tickets/bangalore-to-goa,Bangalore to Goa,Sunrise Tours and Travels,A/C Sleeper (2+1),20:30,12h 30m,09:00,4.1,1 Seat available,1299
https://www.redbus.in/bus-tickets/bangalore-to-goa,Bangalore to Goa,Streamline tours and travels,A/C Sleeper (2+1),21:15,13h 00m,10:15,3.5,26 Seats available,1110
https://www.redbus.in/bus-tickets/bangalore-to-goa,Bangalore to Goa,Sea Bird Tourist,NON AC Sleeper (2+1),20:30,13h 30m,10:00,3.5,19 Seats available,700
https://www.redbus.in/bus-tickets/bangalore-to-goa,Bangalore to Goa,Sea Bird Tourist,Volvo Multi-Axle I-Shift B11R Semi Sleeper (2+2),23:30,13h 00m,12:30,3.3,34 Seats available,750
https://www.redbus.in/bus-tickets/bangalore-to-goa,Bangalore to Goa,Sea Bird Tourist,NON AC Sleeper (2+1),18:00,13h 00m,07:00,3.5,22 Seats available,700
https://www.redbus.in/bus-tickets/bangalore-to-goa,Bangalore to Goa,Sugama Tourist,NON AC Sleeper (2+1),20:30,11h 15m,07:45,2.9,13 Seats available,1000
https://www.redbus.in/bus-tickets/bangalore-to-goa,Bangalore to Goa,Anand Travels,NON AC Sleeper (2+1),19:00,12h 00m,07:00,2.9,19 Seats available,710
https://www.redbus.in/bus-tickets/bangalore-to-goa,Bangalore to Goa,Sea Bird Tourist,A/C Sleeper (2+1),21:15,13h 00m,10:15,2.3,25 Seats available,900
https://www.redbus.in/bus-tickets/bangalore-to-goa,Bangalore to Goa,SRS Travels,NON AC Seater / Sleeper 2+1,20:00,13h 30m,09:30,2.8,34 Seats available,599
https://www.redbus.in/bus-tickets/bangalore-to-goa,Bangalore to Goa,SRS Travels,NON AC Seater / Sleeper 2+1,20:00,12h 30m,08:30,2.6,34 Seats available,599
https://www.redbus.in/bus-tickets/bangalore-to-goa,Bangalore to Goa,Sea Bird Tourist,A/C Sleeper (2+1),19:00,13h 00m,08:00,3.1,24 Seats available,900
https://www.redbus.in/bus-tickets/bangalore-to-goa,Bangalore to Goa,Sugama Tourist,NON AC Sleeper (2+1),20:30,12h 15m,08:45,2.6,13 Seats available,1000
https://www.redbus.in/bus-tickets/bangalore-to-goa,Bangalore to Goa,Sea Bird Tourist,A/C Sleeper (2+1),22:15,13h 00m,11:15,3.9,28 Seats available,900
https://www.redbus.in/bus-tickets/bangalore-to-goa,Bangalore to Goa,Sugama Tourist,NON AC Sleeper (2+1),20:30,11h 45m,08:15,3.5,13 Seats available,1000
https://www.redbus.in/bus-tickets/bangalore-to-goa,Bangalore to Goa,Janatha Travels,NON AC Sleeper (2+1),20:45,11h 45m,08:30,3.1,12 Seats available,12345
https://www.redbus.in/bus-tickets/bangalore-to-goa,Bangalore to Goa,Sea Bird Tourist,Volvo Multi-Axle I-Shift B11R Semi Sleeper (2+2),22:30,13h 00m,11:30,3.5,39 Seats available,750
https://www.redbus.in/bus-tickets/bangalore-to-goa,Bangalore to Goa,Balaji Tourist,Volvo Multi-Axle A/C Semisleeper (2+2),21:30,12h 00m,09:30,3.6,1 Seat available,3000
https://www.redbus.in/bus-tickets/bangalore-to-goa,Bangalore to Goa,VRL Travels,A/C Seater / Sleeper (2+1),19:30,13h 45m,09:15,2.9,29 Seats available,700
https://www.redbus.in/bus-tickets/bangalore-to-goa,Bangalore to Goa,VRL Travels,NON AC Sleeper (2+1),20:00,13h 30m,09:30,3.3,13 Seats available,1000
https://www.redbus.in/bus-tickets/bangalore-to-goa,Bangalore to Goa,VRL Travels,A/C Sleeper (2+1),21:00,13h 45m,10:45,2.9,4 Seats available,1300
https://www.redbus.in/bus-tickets/goa-to-pandharpur,Goa to Pandharpur,Kadamba Transport Corporation Limited (KTCL) - 60996,NON AC Seater 2+2,19:00,12h 00m,07:00,1.3,29 Seats available,735
https://www.redbus.in/bus-tickets/belagavi-to-goa,Belagavi to Goa,Kadamba Transport Corporation Limited (KTCL) - 6020,NON AC Seater 2+2,16:00,03h 45m,19:45,2.3,29 Seats available,170
https://www.redbus.in/bus-tickets/belagavi-to-goa,Belagavi to Goa,Humsafar Travels,A/C Sleeper (2+1),04:30,04h 30m,09:00,1.2,15 Seats available,850
https://www.redbus.in/bus-tickets/belagavi-to-goa,Belagavi to Goa,Shirdi Xpress,A/C Sleeper (2+1),08:15,03h 15m,11:30,4.6,3 Seats available,480
https://www.redbus.in/bus-tickets/belagavi-to-goa,Belagavi to Goa,S R Travels,NON AC Sleeper (2+1),01:00,05h 00m,06:00,4.4,14 Seats available,799
https://www.redbus.in/bus-tickets/goa-to-bangalore,Goa to Bangalore,Intercity travels,Bharat Benz A/C Sleeper (2+1),18:00,13h 15m,07:15,4.1,18 Seats available,1199
https://www.redbus.in/bus-tickets/goa-to-bangalore,Goa to Bangalore,Sunrise Tours and Travels,A/C Sleeper (2+1),18:30,12h 40m,07:10,4.2,10 Seats available,1299
https://www.redbus.in/bus-tickets/goa-to-bangalore,Goa to Bangalore,Streamline tours and travels,A/C Sleeper (2+1),18:00,12h 30m,06:30,3.3,18 Seats available,1020
https://www.redbus.in/bus-tickets/goa-to-bangalore,Goa to Bangalore,IntrCity SmartBus,A/C Sleeper (2+1),19:00,13h 35m,08:35,3.3,18 Seats available,1233
https://www.redbus.in/bus-tickets/goa-to-bangalore,Goa to Bangalore,Sea Bird Tourist,Volvo Multi-Axle I-Shift B11R Semi Sleeper (2+2),21:00,12h 00m,09:00,3.6,38 Seats available,700
https://www.redbus.in/bus-tickets/goa-to-bangalore,Goa to Bangalore,Sugama Tourist,NON AC Sleeper (2+1),19:45,12h 00m,07:45,2.8,19 Seats available,900
https://www.redbus.in/bus-tickets/goa-to-bangalore,Goa to Bangalore,Sea Bird Tourist,NON AC Sleeper (2+1),17:30,14h 00m,07:30,2.6,17 Seats available,700
https://www.redbus.in/bus-tickets/goa-to-bangalore,Goa to Bangalore,SRS Travels,NON AC Seater / Sleeper 2+1,18:00,13h 30m,07:30,4.7,27 Seats available,699
https://www.redbus.in/bus-tickets/goa-to-bangalore,Goa to Bangalore,Anand Travels,NON AC Sleeper (2+1),18:30,12h 15m,06:45,2.5,21 Seats available,710
https://www.redbus.in/bus-tickets/goa-to-bangalore,Goa to Bangalore,Sugama Tourist,NON AC Sleeper (2+1),18:00,13h 45m,07:45,3.3,19 Seats available,900
https://www.redbus.in/bus-tickets/goa-to-bangalore,Goa to Bangalore,SRS Travels,NON AC Seater / Sleeper 2+1,19:00,12h 30m,07:30,1.9,27 Seats available,699
https://www.redbus.in/bus-tickets/goa-to-bangalore,Goa to Bangalore,Sea Bird Tourist,A/C Sleeper (2+1),20:30,13h 00m,09:30,2.7,26 Seats available,900
https://www.redbus.in/bus-tickets/goa-to-bangalore,Goa to Bangalore,Sea Bird Tourist,A/C Sleeper (2+1),17:00,14h 00m,07:00,3.0,22 Seats available,900
https://www.redbus.in/bus-tickets/goa-to-bangalore,Goa to Bangalore,Sugama Tourist,NON AC Sleeper (2+1),19:00,12h 45m,07:45,3.5,19 Seats available,900
https://www.redbus.in/bus-tickets/goa-to-bangalore,Goa to Bangalore,Sea Bird Tourist,NON AC Sleeper (2+1),18:30,14h 00m,08:30,4.0,22 Seats available,700
https://www.redbus.in/bus-tickets/goa-to-bangalore,Goa to Bangalore,Janatha Travels,NON AC Sleeper (2+1),19:00,11h 35m,06:35,2.8,34 Seats available,12345
https://www.redbus.in/bus-tickets/goa-to-bangalore,Goa to Bangalore,Balaji Tourist,Volvo Multi-Axle A/C Semisleeper (2+2),19:45,10h 40m,06:25,3.7,1 Seat available,3000
https://www.redbus.in/bus-tickets/goa-to-bangalore,Goa to Bangalore,VRL Travels,A/C Seater / Sleeper (2+1),19:00,14h 00m,09:00,3.1,28 Seats available,700
https://www.redbus.in/bus-tickets/goa-to-bangalore,Goa to Bangalore,VRL Travels,A/C Sleeper (2+1),20:00,14h 00m,10:00,3.9,28 Seats available,1000
https://www.redbus.in/bus-tickets/solapur-to-goa,Solapur to Goa,Humsafar Travels,A/C Sleeper (2+1),23:30,09h 30m,09:00,3.4,24 Seats available,1250
https://www.redbus.in/bus-tickets/solapur-to-goa,Solapur to Goa,S R Travels,A/C Seater/Sleeper (2+1),18:45,12h 15m,07:00,3.5,33 Seats available,800
https://www.redbus.in/bus-tickets/solapur-to-goa,Solapur to Goa,Sharma Travels,A/C Sleeper (2+1),23:01,10h 00m,09:01,3.3,2 Seats available,1333
https://www.redbus.in/bus-tickets/goa-to-kolhapur-maharashtra,Goa to Kolhapur(Maharashtra),Kadamba Transport Corporation Limited (KTCL) - 60996,NON AC Seater 2+2,19:00,07h 30m,02:30,3.2,29 Seats available,420
https://www.redbus.in/bus-tickets/goa-to-kolhapur-maharashtra,Goa to Kolhapur(Maharashtra),Ashoka Travels,A/C Sleeper (2+1),08:30,06h 20m,14:50,3.2,23 Seats available,450
https://www.redbus.in/bus-tickets/goa-to-kolhapur-maharashtra,Goa to Kolhapur(Maharashtra),Neeta tours and travels,A/C Sleeper (2+1),12:30,06h 30m,19:00,4.5,17 Seats available,499
https://www.redbus.in/bus-tickets/goa-to-kolhapur-maharashtra,Goa to Kolhapur(Maharashtra),Hans Travels (I) Private Limited,A/C Sleeper (2+1),12:30,06h 20m,18:50,4.1,19 Seats available,600
https://www.redbus.in/bus-tickets/goa-to-kolhapur-maharashtra,Goa to Kolhapur(Maharashtra),Shri Ganesh Travels,A/C Seater (2+2),14:00,06h 00m,20:00,4.6,31 Seats available,999
https://www.redbus.in/bus-tickets/goa-to-kolhapur-maharashtra,Goa to Kolhapur(Maharashtra),IntrCity SmartBus,A/C Sleeper (2+1),15:30,06h 15m,21:45,4.5,24 Seats available,550
https://www.redbus.in/bus-tickets/goa-to-kolhapur-maharashtra,Goa to Kolhapur(Maharashtra),IntrCity SmartBus,A/C Sleeper (2+1),16:30,06h 00m,22:30,4.1,21 Seats available,550
https://www.redbus.in/bus-tickets/goa-to-kolhapur-maharashtra,Goa to Kolhapur(Maharashtra),Zingbus Plus,Bharat Benz A/C Sleeper (2+1),18:10,06h 05m,00:15,3.9,14 Seats available,630
https://www.redbus.in/bus-tickets/goa-to-kolhapur-maharashtra,Goa to Kolhapur(Maharashtra),Amrutyog Travels,A/C Sleeper (2+1),19:00,07h 30m,02:30,3.9,31 Seats available,555
https://www.redbus.in/bus-tickets/goa-to-kolhapur-maharashtra,Goa to Kolhapur(Maharashtra),Atmaram Travels Goa,A/C Sleeper (2+1),19:00,06h 45m,01:45,3.6,23 Seats available,650
https://www.redbus.in/bus-tickets/goa-to-kolhapur-maharashtra,Goa to Kolhapur(Maharashtra),Laxmi Queen Prime,A/C Sleeper (2+1),19:30,06h 00m,01:30,3.6,14 Seats available,699
https://www.redbus.in/bus-tickets/goa-to-kolhapur-maharashtra,Goa to Kolhapur(Maharashtra),Laxmi Empress Stellar,NON AC Sleeper (2+1),19:45,06h 00m,01:45,3.2,28 Seats available,599
https://www.redbus.in/bus-tickets/goa-to-kolhapur-maharashtra,Goa to Kolhapur(Maharashtra),Ashray Travels,NON AC Seater / Sleeper (2+1),20:00,05h 30m,01:30,4.1,44 Seats available,350
https://www.redbus.in/bus-tickets/goa-to-kolhapur-maharashtra,Goa to Kolhapur(Maharashtra),Vaibhav Travels,A/C Sleeper (2+1),20:00,10h 12m,06:12,4.8,35 Seats available,475
https://www.redbus.in/bus-tickets/goa-to-kolhapur-maharashtra,Goa to Kolhapur(Maharashtra),Shreyash Travels,A/C Sleeper (2+1),20:00,05h 00m,01:00,4.6,18 Seats available,490
https://www.redbus.in/bus-tickets/goa-to-kolhapur-maharashtra,Goa to Kolhapur(Maharashtra),Zingbus Plus,VE A/C Sleeper (2+1),20:25,06h 10m,02:35,3.9,24 Seats available,677
https://www.redbus.in/bus-tickets/goa-to-kolhapur-maharashtra,Goa to Kolhapur(Maharashtra),Laxmi Queen Asta,A/C Sleeper (2+1),20:30,05h 30m,02:00,4.7,26 Seats available,699
https://www.redbus.in/bus-tickets/goa-to-kolhapur-maharashtra,Goa to Kolhapur(Maharashtra),IntrCity SmartBus,A/C Sleeper (2+1),21:00,05h 30m,02:30,2.7,26 Seats available,629
https://www.redbus.in/bus-tickets/goa-to-kolhapur-maharashtra,Goa to Kolhapur(Maharashtra),Laxmi Queen Grand,A/C Sleeper (2+1),21:00,05h 30m,02:30,2.8,12 Seats available,699
https://www.redbus.in/bus-tickets/goa-to-kolhapur-maharashtra,Goa to Kolhapur(Maharashtra),Zingbus Plus,Bharat Benz A/C Sleeper (2+1),21:35,05h 25m,03:00,2.5,26 Seats available,577
https://www.redbus.in/bus-tickets/goa-to-kolhapur-maharashtra,Goa to Kolhapur(Maharashtra),Manish Travels,A/C Seater / Sleeper (2+1),16:30,06h 55m,23:25,4.7,26 Seats available,700
https://www.redbus.in/bus-tickets/goa-to-kolhapur-maharashtra,Goa to Kolhapur(Maharashtra),Anand Travels,NON AC Sleeper (2+1),18:00,08h 00m,02:00,3.9,24 Seats available,684
https://www.redbus.in/bus-tickets/goa-to-kolhapur-maharashtra,Goa to Kolhapur(Maharashtra),Laxmi-Princess Nova,NON AC Seater / Sleeper (2+1),19:00,06h 30m,01:30,3.3,31 Seats available,399
https://www.redbus.in/bus-tickets/goa-to-kolhapur-maharashtra,Goa to Kolhapur(Maharashtra),Atmaram Travels ( Dolphin ),A/C Sleeper (2+1),14:00,06h 30m,20:30,3.6,19 Seats available,850
https://www.redbus.in/bus-tickets/goa-to-kolhapur-maharashtra,Goa to Kolhapur(Maharashtra),Atmaram Travels ( Dolphin ),A/C Sleeper (2+1),15:30,06h 15m,21:45,3.3,22 Seats available,750
https://www.redbus.in/bus-tickets/goa-to-kolhapur-maharashtra,Goa to Kolhapur(Maharashtra),Atmaram Travels ( Dolphin ),A/C Sleeper (2+1),16:30,06h 30m,23:00,3.9,21 Seats available,727
https://www.redbus.in/bus-tickets/goa-to-kolhapur-maharashtra,Goa to Kolhapur(Maharashtra),Jolly Tours and Travels,VE A/C Sleeper (2+1),17:30,07h 15m,00:45,3.6,34 Seats available,1449
https://www.redbus.in/bus-tickets/goa-to-kolhapur-maharashtra,Goa to Kolhapur(Maharashtra),Atmaram Travels ( Dolphin ),A/C Sleeper (2+1),17:30,06h 10m,23:40,4.3,23 Seats available,770
https://www.redbus.in/bus-tickets/goa-to-kolhapur-maharashtra,Goa to Kolhapur(Maharashtra),IntrCity SmartBus,A/C Sleeper (2+1),17:30,06h 55m,00:25,4.5,20 Seats available,1061
https://www.redbus.in/bus-tickets/goa-to-kolhapur-maharashtra,Goa to Kolhapur(Maharashtra),Sai Travels - Shree Sai,NON AC Push Back (2+2),17:30,08h 00m,01:30,3.6,45 Seats available,5000
https://www.redbus.in/bus-tickets/goa-to-kolhapur-maharashtra,Goa to Kolhapur(Maharashtra),IntrCity SmartBus,A/C Sleeper (2+1),18:20,06h 15m,00:35,4.9,16 Seats available,899
https://www.redbus.in/bus-tickets/goa-to-kolhapur-maharashtra,Goa to Kolhapur(Maharashtra),IntrCity SmartBus,A/C Sleeper (2+1),18:30,06h 15m,00:45,4.1,17 Seats available,816
https://www.redbus.in/bus-tickets/goa-to-kolhapur-maharashtra,Goa to Kolhapur(Maharashtra),PSR Travels Goa,A/C Sleeper (2+1),19:15,05h 45m,01:00,3.1,25 Seats available,799
https://www.redbus.in/bus-tickets/goa-to-kolhapur-maharashtra,Goa to Kolhapur(Maharashtra),IntrCity SmartBus,A/C Sleeper (2+1),19:30,05h 40m,01:10,3.4,14 Seats available,952
https://www.redbus.in/bus-tickets/goa-to-kolhapur-maharashtra,Goa to Kolhapur(Maharashtra),Atmaram Travels (Shreyas),Bharat Benz A/C Sleeper (2+1),20:03,06h 00m,02:03,2.3,24 Seats available,5000
https://www.redbus.in/bus-tickets/goa-to-kolhapur-maharashtra,Goa to Kolhapur(Maharashtra),Atmaram Travels ( Gogte ),NON AC Sleeper (2+1),21:15,06h 00m,03:15,2.7,36 Seats available,5000
https://www.redbus.in/bus-tickets/goa-to-kolhapur-maharashtra,Goa to Kolhapur(Maharashtra),Vaibhav Travels,A/C Sleeper (2+1),21:30,07h 00m,04:30,2.8,34 Seats available,1329
https://www.redbus.in/bus-tickets/goa-to-kolhapur-maharashtra,Goa to Kolhapur(Maharashtra),Manish Travels,NON AC Seater (2+2),16:45,07h 10m,23:55,2.7,32 Seats available,2000
https://www.redbus.in/bus-tickets/goa-to-kolhapur-maharashtra,Goa to Kolhapur(Maharashtra),Manish Sharma Travels,A/C Sleeper (2+1),17:30,08h 30m,02:00,3.4,23 Seats available,1200
https://www.redbus.in/bus-tickets/goa-to-kolhapur-maharashtra,Goa to Kolhapur(Maharashtra),Atmaram Travels ( Dolphin ),A/C Sleeper (2+1),18:30,06h 15m,00:45,3.4,17 Seats available,750
https://www.redbus.in/bus-tickets/goa-to-kolhapur-maharashtra,Goa to Kolhapur(Maharashtra),Manish Roshan Travels,A/C Sleeper (2+1),19:00,08h 30m,03:30,2.9,30 Seats available,850
https://www.redbus.in/bus-tickets/goa-to-kolhapur-maharashtra,Goa to Kolhapur(Maharashtra),VRL Travels,A/C Sleeper (2+1),19:30,06h 30m,02:00,3.7,30 Seats available,1100
https://www.redbus.in/bus-tickets/goa-to-kolhapur-maharashtra,Goa to Kolhapur(Maharashtra),VRL Travels,A/C Sleeper (2+1),20:00,07h 00m,03:00,3.3,35 Seats available,900
https://www.redbus.in/bus-tickets/goa-to-solapur,Goa to Solapur,Kadamba Transport Corporation Limited (KTCL) - 60996,NON AC Seater 2+2,19:00,13h 30m,08:30,4.6,29 Seats available,850
https://www.redbus.in/bus-tickets/goa-to-solapur,Goa to Solapur,Humsafar Travels,A/C Sleeper (2+1),19:00,09h 30m,04:30,4.2,22 Seats available,1550
https://www.redbus.in/bus-tickets/goa-to-solapur,Goa to Solapur,IntrCity SmartBus,A/C Sleeper (2+1),17:30,11h 15m,04:45,2.5,20 Seats available,1249
https://www.redbus.in/bus-tickets/goa-to-solapur,Goa to Solapur,IntrCity SmartBus,A/C Sleeper (2+1),16:30,11h 30m,04:00,3.3,18 Seats available,1249
https://www.redbus.in/bus-tickets/goa-to-solapur,Goa to Solapur,IntrCity SmartBus,A/C Sleeper (2+1),15:30,11h 30m,03:00,4.0,24 Seats available,1249
https://www.redbus.in/bus-tickets/goa-to-solapur,Goa to Solapur,S R Travels,A/C Seater/Sleeper (2+1),20:30,11h 00m,07:30,4.0,38 Seats available,700
https://www.redbus.in/bus-tickets/goa-to-sangola,Goa to Sangola (Solapur),Kadamba Transport Corporation Limited (KTCL) - 60996,NON AC Seater 2+2,19:00,11h 05m,06:05,3.2,29 Seats available,675
https://www.redbus.in/bus-tickets/goa-to-sangola,Goa to Sangola (Solapur),Humsafar Travels,A/C Sleeper (2+1),19:00,07h 00m,02:00,4.2,22 Seats available,1350
https://www.redbus.in/bus-tickets/sangola-to-goa,Sangola (Solapur) to Goa,Humsafar Travels,A/C Sleeper (2+1),01:00,08h 00m,09:00,4.0,8 Seats available,765
https://www.redbus.in/bus-tickets/calangute-goa-to-goa-airport,Calangute (goa) to Goa Airport,Kadamba Transport Corporation Limited (KTCL) - 99716,A/C Seater (2+2),10:00,01h 45m,11:45,4.8,41 Seats available,200
https://www.redbus.in/bus-tickets/calangute-goa-to-goa-airport,Calangute (goa) to Goa Airport,Kadamba Transport Corporation Limited (KTCL) - 78627,Volvo A/C Seater 2+2,13:30,01h 45m,15:15,3.8,37 Seats available,200
https://www.redbus.in/bus-tickets/calangute-goa-to-goa-airport,Calangute (goa) to Goa Airport,Kadamba Transport Corporation Limited (KTCL) - 99718,A/C Seater (2+2),15:30,01h 45m,17:15,3.5,38 Seats available,200
https://www.redbus.in/bus-tickets/calangute-goa-to-goa-airport,Calangute (goa) to Goa Airport,Kadamba Transport Corporation Limited (KTCL) - 99719,A/C Seater (2+2),18:30,01h 30m,20:00,4.0,42 Seats available,200
https://www.redbus.in/bus-tickets/goa-to-sangli,Goa to Sangli,Kadamba Transport Corporation Limited (KTCL) - 60996,NON AC Seater 2+2,19:00,09h 00m,04:00,4.1,29 Seats available,490
https://www.redbus.in/bus-tickets/goa-to-sangli,Goa to Sangli,Vaibhav Travels,A/C Sleeper (2+1),20:00,09h 40m,05:40,2.2,35 Seats available,475
https://www.redbus.in/bus-tickets/goa-to-sangli,Goa to Sangli,Humsafar Travels,A/C Sleeper (2+1),19:00,06h 30m,01:30,3.6,22 Seats available,1350
https://www.redbus.in/bus-tickets/calangute-goa-to-mopa-airport,Calangute (goa) to Mopa Airport,Kadamba Transport Corporation Limited (KTCL) - 159017,A/C Seater (2+3),06:00,01h 15m,07:15,3.1,43 Seats available,200
https://www.redbus.in/bus-tickets/calangute-goa-to-mopa-airport,Calangute (goa) to Mopa Airport,Kadamba Transport Corporation Limited (KTCL) - 159018,A/C Seater (2+3),07:00,01h 15m,08:15,3.5,46 Seats available,200
https://www.redbus.in/bus-tickets/calangute-goa-to-mopa-airport,Calangute (goa) to Mopa Airport,Kadamba Transport Corporation Limited (KTCL) - 159019,A/C Seater (2+3),10:00,01h 15m,11:15,4.7,47 Seats available,200
https://www.redbus.in/bus-tickets/calangute-goa-to-mopa-airport,Calangute (goa) to Mopa Airport,Kadamba Transport Corporation Limited (KTCL) - 159065,A/C Seater (2+3),11:45,01h 15m,13:00,5.0,47 Seats available,200
https://www.redbus.in/bus-tickets/mopa-airport-to-calangute-goa,Mopa Airport to Calangute (goa),Kadamba Transport Corporation Limited (KTCL) - 159022,A/C Seater (2+3),08:00,01h 10m,09:10,4.3,35 Seats available,200
https://www.redbus.in/bus-tickets/mopa-airport-to-calangute-goa,Mopa Airport to Calangute (goa),Kadamba Transport Corporation Limited (KTCL) - 159023,A/C Seater (2+3),10:15,01h 10m,11:25,4.4,42 Seats available,200
https://www.redbus.in/bus-tickets/mopa-airport-to-calangute-goa,Mopa Airport to Calangute (goa),Kadamba Transport Corporation Limited (KTCL) - 158988,A/C Seater (2+3),11:30,01h 25m,12:55,4.3,47 Seats available,200
https://www.redbus.in/bus-tickets/mopa-airport-to-calangute-goa,Mopa Airport to Calangute (goa),Kadamba Transport Corporation Limited (KTCL) - 159021,A/C Seater (2+3),12:00,01h 10m,13:10,4.0,48 Seats available,200
https://www.redbus.in/bus-tickets/mopa-airport-to-calangute-goa,Mopa Airport to Calangute (goa),Kadamba Transport Corporation Limited (KTCL) - 160438,A/C Seater (2+3),13:30,01h 10m,14:40,2.6,47 Seats available,200
https://www.redbus.in/bus-tickets/mopa-airport-to-calangute-goa,Mopa Airport to Calangute (goa),Kadamba Transport Corporation Limited (KTCL) - 160437,A/C Seater (2+3),17:30,01h 10m,18:40,3.6,47 Seats available,200
https://www.redbus.in/bus-tickets/ponda-to-belagavi,Ponda to Belagavi,Kadamba Transport Corporation Limited (KTCL) - 6028,NON AC Seater 2+2,07:30,03h 00m,10:30,4.0,16 Seats available,150
https://www.redbus.in/bus-tickets/goa-to-miraj,Goa to Miraj,Kadamba Transport Corporation Limited (KTCL) - 60996,NON AC Seater 2+2,19:00,09h 30m,04:30,4.3,29 Seats available,505
https://www.redbus.in/bus-tickets/goa-to-miraj,Goa to Miraj,Vaibhav Travels,A/C Sleeper (2+1),20:00,09h 42m,05:42,3.9,35 Seats available,475
https://www.redbus.in/bus-tickets/goa-to-miraj,Goa to Miraj,Humsafar Travels,A/C Sleeper (2+1),19:00,06h 30m,01:30,3.5,22 Seats available,1350
https://www.redbus.in/bus-tickets/goa-airport-to-calangute-goa,Goa Airport to Calangute (goa),Kadamba Transport Corporation Limited (KTCL) - 99708,A/C Seater (2+2),07:30,01h 40m,09:10,4.4,41 Seats available,200
https://www.redbus.in/bus-tickets/goa-airport-to-calangute-goa,Goa Airport to Calangute (goa),Kadamba Transport Corporation Limited (KTCL) - 151354,Volvo A/C Seater 2+2,08:00,01h 30m,09:30,4.2,40 Seats available,200
https://www.redbus.in/bus-tickets/goa-airport-to-calangute-goa,Goa Airport to Calangute (goa),Kadamba Transport Corporation Limited (KTCL) - 99707,A/C Seater (2+2),13:45,01h 45m,15:30,4.6,41 Seats available,200
https://www.redbus.in/bus-tickets/goa-airport-to-calangute-goa,Goa Airport to Calangute (goa),Kadamba Transport Corporation Limited (KTCL) - 99710,A/C Seater (2+2),16:00,01h 30m,17:30,3.6,42 Seats available,200
https://www.redbus.in/bus-tickets/marcel-to-belagavi,Marcel to Belagavi,Kadamba Transport Corporation Limited (KTCL) - 6028,NON AC Seater 2+2,08:00,02h 30m,10:30,3.7,20 Seats available,140
https://www.redbus.in/bus-tickets/shimoga-to-goa,Shivamogga to Goa,Sea Bird Tourist,NON AC Sleeper (2+1),23:45,08h 15m,08:00,3.7,28 Seats available,700
https://www.redbus.in/bus-tickets/goa-to-mopa-airport,Goa to Mopa Airport,Kadamba Transport Corporation Limited (KTCL) - 158962,A/C Seater (2+3),05:15,02h 00m,07:15,3.7,47 Seats available,400
https://www.redbus.in/bus-tickets/goa-to-mopa-airport,Goa to Mopa Airport,Kadamba Transport Corporation Limited (KTCL) - 158962,A/C Seater (2+3),06:45,00h 30m,07:15,2.7,47 Seats available,150
https://www.redbus.in/bus-tickets/goa-to-mopa-airport,Goa to Mopa Airport,Kadamba Transport Corporation Limited (KTCL) - 159017,A/C Seater (2+3),06:45,00h 30m,07:15,5.0,43 Seats available,150
https://www.redbus.in/bus-tickets/goa-to-mopa-airport,Goa to Mopa Airport,Kadamba Transport Corporation Limited (KTCL) - 159018,A/C Seater (2+3),07:45,00h 30m,08:15,4.4,47 Seats available,150
https://www.redbus.in/bus-tickets/goa-to-mopa-airport,Goa to Mopa Airport,Kadamba Transport Corporation Limited (KTCL) - 158965,A/C Seater (2+3),08:30,02h 00m,10:30,4.9,46 Seats available,400
https://www.redbus.in/bus-tickets/goa-to-mopa-airport,Goa to Mopa Airport,Kadamba Transport Corporation Limited (KTCL) - 158968,A/C Seater (2+3),08:45,00h 30m,09:15,3.7,47 Seats available,150
https://www.redbus.in/bus-tickets/goa-to-mopa-airport,Goa to Mopa Airport,Kadamba Transport Corporation Limited (KTCL) - 158965,A/C Seater (2+3),09:25,01h 05m,10:30,3.0,46 Seats available,200
https://www.redbus.in/bus-tickets/goa-to-mopa-airport,Goa to Mopa Airport,Kadamba Transport Corporation Limited (KTCL) - 159647,A/C Seater (2+3),10:30,01h 00m,11:30,2.7,47 Seats available,200
https://www.redbus.in/bus-tickets/goa-to-mopa-airport,Goa to Mopa Airport,Kadamba Transport Corporation Limited (KTCL) - 159019,A/C Seater (2+3),10:44,00h 31m,11:15,4.6,47 Seats available,150
https://www.redbus.in/bus-tickets/goa-to-mopa-airport,Goa to Mopa Airport,Kadamba Transport Corporation Limited (KTCL) - 159065,A/C Seater (2+3),12:30,00h 30m,13:00,3.6,47 Seats available,150
https://www.redbus.in/bus-tickets/goa-to-mopa-airport,Goa to Mopa Airport,Kadamba Transport Corporation Limited (KTCL) - 158948,A/C Seater (2+3),14:00,00h 30m,14:30,3.2,47 Seats available,150
https://www.redbus.in/bus-tickets/goa-to-mopa-airport,Goa to Mopa Airport,Kadamba Transport Corporation Limited (KTCL) - 158967,A/C Seater (2+3),15:00,02h 00m,17:00,4.7,48 Seats available,400
https://www.redbus.in/bus-tickets/goa-to-mopa-airport,Goa to Mopa Airport,Kadamba Transport Corporation Limited (KTCL) - 158967,A/C Seater (2+3),15:55,01h 05m,17:00,4.4,48 Seats available,200
https://www.redbus.in/bus-tickets/goa-to-satara,Goa to Satara,Kadamba Transport Corporation Limited (KTCL) - 6032,NON AC Seater 2+2,18:00,09h 00m,03:00,4.8,36 Seats available,550
https://www.redbus.in/bus-tickets/goa-to-satara,Goa to Satara,IntrCity SmartBus,A/C Sleeper (2+1),20:00,09h 25m,05:25,4.2,25 Seats available,550
https://www.redbus.in/bus-tickets/goa-to-satara,Goa to Satara,Ashray Travels,Volvo Multi Axle A/C Sleeper I-Shift B11R (2+1),21:00,09h 30m,06:30,4.4,32 Seats available,699
https://www.redbus.in/bus-tickets/goa-to-satara,Goa to Satara,Atmaram Gobus,VE A/C Sleeper (2+1),22:30,07h 40m,06:10,5.0,25 Seats available,699
https://www.redbus.in/bus-tickets/goa-to-satara,Goa to Satara,Ashray Grand,Volvo Multi-Axle A/C Sleeper (2+1),22:00,09h 30m,07:30,4.4,22 Seats available,1000
https://www.redbus.in/bus-tickets/goa-to-satara,Goa to Satara,Ashray Travels,Bharat Benz A/C Sleeper (2+1),22:30,09h 30m,08:00,4.6,28 Seats available,710
https://www.redbus.in/bus-tickets/goa-to-satara,Goa to Satara,Atmaram Travels(M.Dev),A/C Sleeper (2+1),22:00,08h 50m,06:50,4.4,22 Seats available,799
https://www.redbus.in/bus-tickets/goa-to-satara,Goa to Satara,Atmaram Gobus,NON AC Sleeper (2+1),20:01,09h 40m,05:41,4.4,20 Seats available,555
https://www.redbus.in/bus-tickets/goa-to-satara,Goa to Satara,Atmaram Gobus,NON AC Sleeper (2+1),21:02,09h 15m,06:17,4.0,24 Seats available,505
https://www.redbus.in/bus-tickets/goa-to-satara,Goa to Satara,Amrutyog Travels,A/C Sleeper (2+1),19:00,10h 00m,05:00,3.1,31 Seats available,555
https://www.redbus.in/bus-tickets/goa-to-satara,Goa to Satara,Laxmi Queen Prime,A/C Sleeper (2+1),19:30,09h 30m,05:00,3.7,14 Seats available,699
https://www.redbus.in/bus-tickets/goa-to-satara,Goa to Satara,Atmaram Travels(KVT Narmada Red),Bharat Benz A/C Sleeper (2+1),21:16,08h 45m,06:01,1.2,27 Seats available,555
https://www.redbus.in/bus-tickets/goa-to-satara,Goa to Satara,Indumati Travels,A/C Sleeper (2+1),21:00,08h 00m,05:00,0,19 Seats available,617
https://www.redbus.in/bus-tickets/goa-to-satara,Goa to Satara,Laxmi-Princess Nova,NON AC Seater / Sleeper (2+1),19:00,09h 00m,04:00,0,31 Seats available,399
https://www.redbus.in/bus-tickets/goa-to-satara,Goa to Satara,Hans Travels (I) Private Limited,A/C Sleeper (2+1),12:30,09h 15m,21:45,4.3,24 Seats available,600
https://www.redbus.in/bus-tickets/goa-to-satara,Goa to Satara,Giroba Travels,A/C Sleeper (2+1),18:01,09h 59m,04:00,4.3,26 Seats available,2500
https://www.redbus.in/bus-tickets/goa-to-satara,Goa to Satara,Giroba Travels,NON AC Seater (2+2),18:00,10h 00m,04:00,4.3,36 Seats available,350
https://www.redbus.in/bus-tickets/goa-to-satara,Goa to Satara,Zingbus Plus,Bharat Benz A/C Sleeper (2+1),18:10,08h 40m,02:50,4.3,11 Seats available,630
https://www.redbus.in/bus-tickets/goa-to-satara,Goa to Satara,IntrCity SmartBus,A/C Sleeper (2+1),19:30,07h 40m,03:10,4.1,19 Seats available,739
https://www.redbus.in/bus-tickets/goa-to-satara,Goa to Satara,IntrCity SmartBus,A/C Sleeper (2+1),18:30,08h 05m,02:35,4.1,20 Seats available,719
https://www.redbus.in/bus-tickets/goa-to-satara,Goa to Satara,IntrCity SmartBus,A/C Sleeper (2+1),17:00,09h 00m,02:00,4.1,30 Seats available,2018
https://www.redbus.in/bus-tickets/goa-to-satara,Goa to Satara,Atmaram Travels ( Dolphin ),A/C Sleeper (2+1),16:30,09h 30m,02:00,4.1,30 Seats available,727
https://www.redbus.in/bus-tickets/goa-to-satara,Goa to Satara,Atmaram Travels ( Dolphin ),A/C Sleeper (2+1),14:00,09h 30m,23:30,4.1,21 Seats available,850
https://www.redbus.in/bus-tickets/goa-to-satara,Goa to Satara,Atmaram Travels Goa,A/C Seater / Sleeper (3+1),21:30,08h 50m,06:20,4.1,38 Seats available,1099
https://www.redbus.in/bus-tickets/goa-to-satara,Goa to Satara,Atmaram Travels Goa,A/C Sleeper (2+1),19:00,09h 15m,04:15,4.1,23 Seats available,650
https://www.redbus.in/bus-tickets/goa-to-satara,Goa to Satara,Atmaram Travels ( Dolphin ),A/C Sleeper (2+1),15:30,09h 30m,01:00,4.1,24 Seats available,750
https://www.redbus.in/bus-tickets/goa-to-satara,Goa to Satara,Atmaram Travels ( Ashray ),A/C Sleeper (2+1),22:01,09h 30m,07:31,4.1,22 Seats available,606
https://www.redbus.in/bus-tickets/goa-to-satara,Goa to Satara,Atmaram Gobus,VE A/C Sleeper (2+1),21:32,07h 45m,05:17,4.0,20 Seats available,699
https://www.redbus.in/bus-tickets/goa-to-satara,Goa to Satara,Atmaram Travels (Humsafar),Bharat Benz A/C Sleeper (2+1),19:30,08h 15m,03:45,3.9,21 Seats available,799
https://www.redbus.in/bus-tickets/goa-to-satara,Goa to Satara,Atmaram Travels ( Dolphin ),A/C Sleeper (2+1),17:30,10h 00m,03:30,3.9,23 Seats available,770
https://www.redbus.in/bus-tickets/goa-to-satara,Goa to Satara,Ashray Travels,NON AC Seater / Sleeper (2+1),20:00,07h 00m,03:00,3.9,44 Seats available,350
https://www.redbus.in/bus-tickets/goa-to-satara,Goa to Satara,Prasanna Purple Big Bus,VE A/C Sleeper (2+1),22:00,07h 30m,05:30,3.7,26 Seats available,820
https://www.redbus.in/bus-tickets/goa-to-satara,Goa to Satara,Laxmi Empress Stellar,NON AC Sleeper (2+1),19:45,08h 30m,04:15,3.6,28 Seats available,599
https://www.redbus.in/bus-tickets/goa-to-satara,Goa to Satara,Laxmi Queen Asta,A/C Sleeper (2+1),20:30,09h 00m,05:30,3.6,26 Seats available,699
https://www.redbus.in/bus-tickets/goa-to-satara,Goa to Satara,"National Travels,Goa",NON AC Sleeper (2+1),19:00,08h 30m,03:30,4.1,21 Seats available,499
https://www.redbus.in/bus-tickets/goa-to-satara,Goa to Satara,Jolly Tours and Travels,VE A/C Sleeper (2+1),17:30,08h 00m,01:30,4.3,34 Seats available,1449
https://www.redbus.in/bus-tickets/goa-to-satara,Goa to Satara,Atmaram Travels ( Gogte ),NON AC Sleeper (2+1),21:15,08h 30m,05:45,4.1,36 Seats available,5000
https://www.redbus.in/bus-tickets/goa-to-satara,Goa to Satara,Atmaram Travels (Shreyas),NON AC Sleeper (2+1),20:30,08h 30m,05:00,3.2,30 Seats available,750
https://www.redbus.in/bus-tickets/goa-to-satara,Goa to Satara,Anand Travels,NON AC Sleeper (2+1),18:00,09h 30m,03:30,4.8,22 Seats available,684
https://www.redbus.in/bus-tickets/goa-to-satara,Goa to Satara,Zingbus Plus,Bharat Benz A/C Sleeper (2+1),21:35,09h 00m,06:35,2.7,27 Seats available,577
https://www.redbus.in/bus-tickets/goa-to-satara,Goa to Satara,Shreyash Travels,A/C Sleeper (2+1),20:00,08h 00m,04:00,4.3,18 Seats available,490
https://www.redbus.in/bus-tickets/goa-to-satara,Goa to Satara,Zingbus Plus,VE A/C Sleeper (2+1),20:25,08h 45m,05:10,4.1,24 Seats available,677
https://www.redbus.in/bus-tickets/goa-to-satara,Goa to Satara,Manish Roshan Travels,A/C Sleeper (2+1),19:00,10h 30m,05:30,4.1,30 Seats available,850
https://www.redbus.in/bus-tickets/goa-to-satara,Goa to Satara,IntrCity SmartBus,A/C Sleeper (2+1),18:20,08h 05m,02:25,4.1,19 Seats available,899
https://www.redbus.in/bus-tickets/goa-to-satara,Goa to Satara,Atmaram Travels ( Dolphin ),A/C Sleeper (2+1),18:30,09h 30m,04:00,4.1,17 Seats available,750
https://www.redbus.in/bus-tickets/goa-to-satara,Goa to Satara,Atmaram Travels (Shreyas),Bharat Benz A/C Sleeper (2+1),20:03,08h 00m,04:03,4.0,24 Seats available,5000
https://www.redbus.in/bus-tickets/goa-to-satara,Goa to Satara,Atmaram Travels (Unity),A/C Sleeper (2+1),20:00,08h 45m,04:45,3.9,25 Seats available,650
https://www.redbus.in/bus-tickets/goa-to-satara,Goa to Satara,Atmaram Travels Goa,A/C Sleeper (2+1),22:31,08h 30m,07:01,3.6,24 Seats available,1099
https://www.redbus.in/bus-tickets/goa-to-satara,Goa to Satara,Ashray Travels,Volvo Multi Axle A/C Sleeper I-Shift B11R (2+1),20:00,09h 30m,05:30,3.4,38 Seats available,3000
https://www.redbus.in/bus-tickets/goa-to-satara,Goa to Satara,Laxmi Queen Grand,A/C Sleeper (2+1),21:00,08h 30m,05:30,2.7,12 Seats available,699
https://www.redbus.in/bus-tickets/goa-to-satara,Goa to Satara,PSR Travels Goa,A/C Sleeper (2+1),19:15,07h 45m,03:00,2.7,25 Seats available,799
https://www.redbus.in/bus-tickets/goa-to-satara,Goa to Satara,Gujarat Travels,A/C Sleeper (2+1),12:40,08h 40m,21:20,3.4,34 Seats available,1140
https://www.redbus.in/bus-tickets/goa-to-satara,Goa to Satara,Manish Sharma Travels,A/C Sleeper (2+1),17:30,10h 30m,04:00,3.4,23 Seats available,1200
https://www.redbus.in/bus-tickets/goa-to-satara,Goa to Satara,Manish Travels,A/C Seater / Sleeper (2+1),16:30,10h 30m,03:00,3.4,26 Seats available,700
https://www.redbus.in/bus-tickets/goa-to-satara,Goa to Satara,VRL Travels,A/C Sleeper (2+1),17:00,08h 30m,01:30,3.7,36 Seats available,1300
https://www.redbus.in/bus-tickets/goa-to-satara,Goa to Satara,VRL Travels,A/C Sleeper (2+1),19:30,08h 30m,04:00,3.7,30 Seats available,1100
https://www.redbus.in/bus-tickets/goa-to-satara,Goa to Satara,VRL Travels,A/C Sleeper (2+1),20:00,09h 00m,05:00,3.7,35 Seats available,900
https://www.redbus.in/bus-tickets/mopa-airport-to-goa,Mopa Airport to Goa,Kadamba Transport Corporation Limited (KTCL) - 159022,A/C Seater (2+3),08:00,00h 25m,08:25,3.7,35 Seats available,150
https://www.redbus.in/bus-tickets/mopa-airport-to-goa,Mopa Airport to Goa,Kadamba Transport Corporation Limited (KTCL) - 159654,A/C Seater (2+3),08:15,00h 30m,08:45,4.7,42 Seats available,150
https://www.redbus.in/bus-tickets/mopa-airport-to-goa,Mopa Airport to Goa,Kadamba Transport Corporation Limited (KTCL) - 159023,A/C Seater (2+3),10:15,00h 30m,10:45,3.7,42 Seats available,150
https://www.redbus.in/bus-tickets/mopa-airport-to-goa,Mopa Airport to Goa,Kadamba Transport Corporation Limited (KTCL) - 159664,A/C Seater (2+3),10:30,00h 30m,11:00,3.7,47 Seats available,150
https://www.redbus.in/bus-tickets/mopa-airport-to-goa,Mopa Airport to Goa,Kadamba Transport Corporation Limited (KTCL) - 159664,A/C Seater (2+3),10:30,02h 00m,12:30,3.7,47 Seats available,400
https://www.redbus.in/bus-tickets/mopa-airport-to-goa,Mopa Airport to Goa,Kadamba Transport Corporation Limited (KTCL) - 159657,A/C Seater (2+3),11:15,00h 30m,11:45,4.7,47 Seats available,150
https://www.redbus.in/bus-tickets/mopa-airport-to-goa,Mopa Airport to Goa,Kadamba Transport Corporation Limited (KTCL) - 158988,A/C Seater (2+3),11:30,00h 30m,12:00,3.7,47 Seats available,150
https://www.redbus.in/bus-tickets/mopa-airport-to-goa,Mopa Airport to Goa,Kadamba Transport Corporation Limited (KTCL) - 159021,A/C Seater (2+3),12:00,00h 30m,12:30,3.7,48 Seats available,200
https://www.redbus.in/bus-tickets/mopa-airport-to-goa,Mopa Airport to Goa,Kadamba Transport Corporation Limited (KTCL) - 158996,A/C Seater (2+3),12:30,02h 00m,14:30,3.7,47 Seats available,400
https://www.redbus.in/bus-tickets/mopa-airport-to-goa,Mopa Airport to Goa,Kadamba Transport Corporation Limited (KTCL) - 158996,A/C Seater (2+3),12:30,00h 55m,13:25,4.7,47 Seats available,200
https://www.redbus.in/bus-tickets/mopa-airport-to-goa,Mopa Airport to Goa,Kadamba Transport Corporation Limited (KTCL) - 160438,A/C Seater (2+3),13:30,00h 30m,14:00,3.7,47 Seats available,150
https://www.redbus.in/bus-tickets/mopa-airport-to-goa,Mopa Airport to Goa,Kadamba Transport Corporation Limited (KTCL) - 159015,A/C Seater (2+3),16:00,00h 25m,16:25,3.4,47 Seats available,150
https://www.redbus.in/bus-tickets/mopa-airport-to-goa,Mopa Airport to Goa,Kadamba Transport Corporation Limited (KTCL) - 159015,A/C Seater (2+3),16:00,02h 00m,18:00,3.2,47 Seats available,400
https://www.redbus.in/bus-tickets/mopa-airport-to-goa,Mopa Airport to Goa,Kadamba Transport Corporation Limited (KTCL) - 160437,A/C Seater (2+3),17:30,00h 30m,18:00,1.9,47 Seats available,150
https://www.redbus.in/bus-tickets/shirdi-to-goa,Shirdi to Goa,Humsafar Travels,A/C Sleeper (2+1),14:30,19h 00m,09:30,3.7,16 Seats available,1250
https://www.redbus.in/bus-tickets/shirdi-to-goa,Shirdi to Goa,Humsafar Travels,A/C Sleeper (2+1),16:00,17h 00m,09:00,4.1,24 Seats available,1250
https://www.redbus.in/bus-tickets/shirdi-to-goa,Shirdi to Goa,Hans Travels (I) Private Limited,A/C Sleeper (2+1),20:19,14h 20m,10:39,3.8,23 Seats available,1400
https://www.redbus.in/bus-tickets/goa-to-shimoga,Goa to Shivamogga,Kadamba Transport Corporation Limited (KTCL) - 8355,NON AC Seater 2+2,15:00,10h 03m,01:03,2.1,38 Seats available,450
https://www.redbus.in/bus-tickets/goa-to-shimoga,Goa to Shivamogga,Sea Bird Tourist,NON AC Sleeper (2+1),17:30,09h 00m,02:30,1.8,28 Seats available,700
https://www.redbus.in/bus-tickets/goa-to-shirdi,Goa to Shirdi,PSR Travels Goa,A/C Sleeper (2+1),19:15,14h 45m,10:00,3.7,25 Seats available,1099
https://www.redbus.in/bus-tickets/goa-to-shirdi,Goa to Shirdi,Hans Travels (I) Private Limited,A/C Sleeper (2+1),12:30,15h 45m,04:15,3.7,20 Seats available,1400
https://www.redbus.in/bus-tickets/goa-to-shirdi,Goa to Shirdi,Humsafar Travels,A/C Sleeper (2+1),19:00,16h 00m,11:00,3.7,22 Seats available,1350
https://www.redbus.in/bus-tickets/goa-to-goa-airport,Goa to Goa Airport,Kadamba Transport Corporation Limited (KTCL) - 99716,A/C Seater (2+2),10:31,01h 14m,11:45,3.6,41 Seats available,150
https://www.redbus.in/bus-tickets/goa-to-goa-airport,Goa to Goa Airport,Kadamba Transport Corporation Limited (KTCL) - 78627,Volvo A/C Seater 2+2,14:01,01h 14m,15:15,3.7,37 Seats available,150
https://www.redbus.in/bus-tickets/goa-to-goa-airport,Goa to Goa Airport,Kadamba Transport Corporation Limited (KTCL) - 99718,A/C Seater (2+2),16:01,01h 14m,17:15,3.7,39 Seats available,150
https://www.redbus.in/bus-tickets/margoa-to-mopa-airport,Margao to Mopa Airport,Kadamba Transport Corporation Limited (KTCL) - 158962,A/C Seater (2+3),05:15,02h 00m,07:15,3.7,47 Seats available,400
https://www.redbus.in/bus-tickets/margoa-to-mopa-airport,Margao to Mopa Airport,Kadamba Transport Corporation Limited (KTCL) - 158962,A/C Seater (2+3),06:45,00h 30m,07:15,2.7,47 Seats available,150
https://www.redbus.in/bus-tickets/margoa-to-mopa-airport,Margao to Mopa Airport,Kadamba Transport Corporation Limited (KTCL) - 159017,A/C Seater (2+3),06:45,00h 30m,07:15,5.0,43 Seats available,150
https://www.redbus.in/bus-tickets/margoa-to-mopa-airport,Margao to Mopa Airport,Kadamba Transport Corporation Limited (KTCL) - 159018,A/C Seater (2+3),07:45,00h 30m,08:15,4.4,47 Seats available,150
https://www.redbus.in/bus-tickets/margoa-to-mopa-airport,Margao to Mopa Airport,Kadamba Transport Corporation Limited (KTCL) - 158965,A/C Seater (2+3),08:30,02h 00m,10:30,4.9,46 Seats available,400
https://www.redbus.in/bus-tickets/margoa-to-mopa-airport,Margao to Mopa Airport,Kadamba Transport Corporation Limited (KTCL) - 158968,A/C Seater (2+3),08:45,00h 30m,09:15,3.7,47 Seats available,150
https://www.redbus.in/bus-tickets/margoa-to-mopa-airport,Margao to Mopa Airport,Kadamba Transport Corporation Limited (KTCL) - 158965,A/C Seater (2+3),09:25,01h 05m,10:30,3.0,46 Seats available,200
https://www.redbus.in/bus-tickets/margoa-to-mopa-airport,Margao to Mopa Airport,Kadamba Transport Corporation Limited (KTCL) - 159647,A/C Seater (2+3),10:30,01h 00m,11:30,2.7,47 Seats available,200
https://www.redbus.in/bus-tickets/margoa-to-mopa-airport,Margao to Mopa Airport,Kadamba Transport Corporation Limited (KTCL) - 159019,A/C Seater (2+3),10:44,00h 31m,11:15,4.6,47 Seats available,150
https://www.redbus.in/bus-tickets/margoa-to-mopa-airport,Margao to Mopa Airport,Kadamba Transport Corporation Limited (KTCL) - 159065,A/C Seater (2+3),12:30,00h 30m,13:00,3.6,47 Seats available,150
https://www.redbus.in/bus-tickets/margoa-to-mopa-airport,Margao to Mopa Airport,Kadamba Transport Corporation Limited (KTCL) - 158948,A/C Seater (2+3),14:00,00h 30m,14:30,3.1,47 Seats available,150
https://www.redbus.in/bus-tickets/margoa-to-mopa-airport,Margao to Mopa Airport,Kadamba Transport Corporation Limited (KTCL) - 158967,A/C Seater (2+3),15:00,02h 00m,17:00,3.7,48 Seats available,400
https://www.redbus.in/bus-tickets/margoa-to-mopa-airport,Margao to Mopa Airport,Kadamba Transport Corporation Limited (KTCL) - 158967,A/C Seater (2+3),15:55,01h 05m,17:00,3.7,48 Seats available,200
https://www.redbus.in/bus-tickets/goa-airport-to-goa,Goa Airport to Goa,Kadamba Transport Corporation Limited (KTCL) - 99708,A/C Seater (2+2),07:30,01h 01m,08:31,3.7,41 Seats available,150
https://www.redbus.in/bus-tickets/goa-airport-to-goa,Goa Airport to Goa,Kadamba Transport Corporation Limited (KTCL) - 151354,Volvo A/C Seater 2+2,08:00,01h 01m,09:01,3.7,40 Seats available,150
https://www.redbus.in/bus-tickets/goa-airport-to-goa,Goa Airport to Goa,Kadamba Transport Corporation Limited (KTCL) - 99707,A/C Seater (2+2),13:45,01h 01m,14:46,3.7,41 Seats available,150
https://www.redbus.in/bus-tickets/mopa-airport-to-margoa,Mopa Airport to Margao,Kadamba Transport Corporation Limited (KTCL) - 159022,A/C Seater (2+3),08:00,00h 25m,08:25,3.7,35 Seats available,150
https://www.redbus.in/bus-tickets/mopa-airport-to-margoa,Mopa Airport to Margao,Kadamba Transport Corporation Limited (KTCL) - 159654,A/C Seater (2+3),08:15,00h 30m,08:45,4.7,42 Seats available,150
https://www.redbus.in/bus-tickets/mopa-airport-to-margoa,Mopa Airport to Margao,Kadamba Transport Corporation Limited (KTCL) - 159023,A/C Seater (2+3),10:15,00h 30m,10:45,3.7,42 Seats available,150
https://www.redbus.in/bus-tickets/mopa-airport-to-margoa,Mopa Airport to Margao,Kadamba Transport Corporation Limited (KTCL) - 159664,A/C Seater (2+3),10:30,00h 30m,11:00,3.7,47 Seats available,150
https://www.redbus.in/bus-tickets/mopa-airport-to-margoa,Mopa Airport to Margao,Kadamba Transport Corporation Limited (KTCL) - 159664,A/C Seater (2+3),10:30,02h 00m,12:30,3.7,47 Seats available,400
https://www.redbus.in/bus-tickets/mopa-airport-to-margoa,Mopa Airport to Margao,Kadamba Transport Corporation Limited (KTCL) - 159657,A/C Seater (2+3),11:15,00h 30m,11:45,4.7,47 Seats available,150
https://www.redbus.in/bus-tickets/mopa-airport-to-margoa,Mopa Airport to Margao,Kadamba Transport Corporation Limited (KTCL) - 158988,A/C Seater (2+3),11:30,00h 30m,12:00,3.7,47 Seats available,150
https://www.redbus.in/bus-tickets/mopa-airport-to-margoa,Mopa Airport to Margao,Kadamba Transport Corporation Limited (KTCL) - 159021,A/C Seater (2+3),12:00,00h 30m,12:30,3.7,48 Seats available,200
https://www.redbus.in/bus-tickets/mopa-airport-to-margoa,Mopa Airport to Margao,Kadamba Transport Corporation Limited (KTCL) - 158996,A/C Seater (2+3),12:30,02h 00m,14:30,3.7,47 Seats available,400
https://www.redbus.in/bus-tickets/mopa-airport-to-margoa,Mopa Airport to Margao,Kadamba Transport Corporation Limited (KTCL) - 158996,A/C Seater (2+3),12:30,00h 55m,13:25,4.7,47 Seats available,200
https://www.redbus.in/bus-tickets/mopa-airport-to-margoa,Mopa Airport to Margao,Kadamba Transport Corporation Limited (KTCL) - 160438,A/C Seater (2+3),13:30,00h 30m,14:00,3.7,47 Seats available,150
https://www.redbus.in/bus-tickets/mopa-airport-to-margoa,Mopa Airport to Margao,Kadamba Transport Corporation Limited (KTCL) - 159015,A/C Seater (2+3),16:00,00h 25m,16:25,4.4,47 Seats available,150
https://www.redbus.in/bus-tickets/mopa-airport-to-margoa,Mopa Airport to Margao,Kadamba Transport Corporation Limited (KTCL) - 159015,A/C Seater (2+3),16:00,02h 00m,18:00,3.7,47 Seats available,400
https://www.redbus.in/bus-tickets/mopa-airport-to-margoa,Mopa Airport to Margao,Kadamba Transport Corporation Limited (KTCL) - 160437,A/C Seater (2+3),17:30,00h 30m,18:00,3.7,47 Seats available,150
https://www.redbus.in/bus-tickets/panaji-to-mopa-airport,Panaji to Mopa Airport,Kadamba Transport Corporation Limited (KTCL) - 158948,A/C Seater (2+3),13:30,01h 00m,14:30,3.7,47 Seats available,200
https://www.redbus.in/bus-tickets/calangute-goa-to-goa,Calangute (goa) to Goa,Kadamba Transport Corporation Limited (KTCL) - 99716,A/C Seater (2+2),10:00,00h 31m,10:31,3.7,41 Seats available,100
https://www.redbus.in/bus-tickets/calangute-goa-to-goa,Calangute (goa) to Goa,Kadamba Transport Corporation Limited (KTCL) - 78627,Volvo A/C Seater 2+2,13:30,00h 31m,14:01,3.7,37 Seats available,100
https://www.redbus.in/bus-tickets/calangute-goa-to-goa,Calangute (goa) to Goa,Kadamba Transport Corporation Limited (KTCL) - 99718,A/C Seater (2+2),15:30,00h 31m,16:01,3.7,41 Seats available,100
https://www.redbus.in/bus-tickets/calangute-goa-to-goa,Calangute (goa) to Goa,UNIQUE TOURS AND TRAVELS,A/C Seater Push Back (2+1),08:30,11h 30m,20:00,4.0,17 Seats available,400
https://www.redbus.in/bus-tickets/calangute-goa-to-panaji,Calangute (goa) to Panaji,Kadamba Transport Corporation Limited (KTCL) - 99716,A/C Seater (2+2),10:00,00h 30m,10:30,4.0,41 Seats available,100
https://www.redbus.in/bus-tickets/calangute-goa-to-panaji,Calangute (goa) to Panaji,Kadamba Transport Corporation Limited (KTCL) - 78627,Volvo A/C Seater 2+2,13:30,00h 30m,14:00,4.0,40 Seats available,100
https://www.redbus.in/bus-tickets/calangute-goa-to-panaji,Calangute (goa) to Panaji,Kadamba Transport Corporation Limited (KTCL) - 99718,A/C Seater (2+2),15:30,00h 30m,16:00,4.0,41 Seats available,100
